795535;0.4251723981880864
795535;0.6919656298739894
926843;0.7905813595594864
926843;0.9634294504349918
899170;0.021544181692759845
899170;0.053230780795433086
56451;0.09136935553285241
56451;0.3771279232632003
783104;0.29375926475475156
783104;0.9167431058702717
437503;0.5420159446106152
437503;0.9776592832274289
92110;0.4597621747109616
92110;0.4967236100048633
403482;0.9031481550210728
403482;0.4235791820625574
484680;0.0137785569847928
484680;0.8095368665179116
282651;0.2101693173840271
282651;0.17413476071151923
111357;0.13993837795551956
111357;0.49853310791232264
645901;0.8320751465296741
645901;0.37911058928612096
732823;0.6269530975007582
732823;0.10460376466239607
912407;0.9653599641816824
912407;0.2999508369732845
18928;0.1355515759728554
18928;0.7874270081074635
864594;0.91586096536091
864594;0.6845033008463689
34931;0.2484043795091183
34931;0.01651495253399282
383140;0.5646594227595346
383140;0.39246695083188465
869785;0.5972273845071052
869785;0.9224374755126714
895885;invalid_value
895885;0.18405477664787295
559612;0.700081005818756
559612;0.39564890671878883
41029;0.41440969666439076
41029;0.5381957851618304
754733;0.8153649845661088
754733;0.8913115578001418
914739;0.6733899973190693
914739;0.03366343236253011
614406;0.6296060086722893
614406;0.4085381386581777
547511;0.636147849484774
547511;0.21891446570378248
791973;0.48357321142152965
791973;0.9913113284310616
614153;0.003651530268657499
614153;0.8034979100246411
99608;0.7678617647501993
99608;0.31891221688765437
32956;0.9584193552376602
32956;0.43538140453624063
205006;0.11328055358877298
205006;0.8221295024692833
36010;0.5109039476401999
36010;0.20269185122103517
868908;0.31558533492912966
868908;0.8919351821826633
197573;0.6633594852619772
197573;0.44641768384941194
596379;0.23323284138888878
596379;0.51352122474363
84459;0.6493384114990638
84459;0.471161023381254
945157;0.5469150811984208
945157;0.3891726606072944
108083;0.9071404591742833
108083;0.11350281651547556
480286;0.43570389678663257
480286;0.5415581638844619
798757;0.36121694746538047
798757;0.983484235649798
146682;0.12588632004767197
146682;0.522968819518823
367535;0.26816585581008845
367535;0.5641063245862501
912095;0.26475316377332747
912095;0.5779778520350554
850222;0.616100340558822
850222;0.9173563266733064
347252;0.9060504826205238
347252;0.492414885627274
283892;0.7812379754396729
283892;0.9788039263703585
998202;0.6707310446623075
998202;0.01940797829051344
178108;0.6712165718243935
178108;0.010650726932997512
240957;0.45092722197035484
240957;0.4169707862806129
710505;0.976633458515664
710505;0.3837058176088579
413122;0.5217804404917445
413122;0.8313632263493286
649399;0.31933200258766015
649399;0.4830850838302295
594636;0.3646650571279195
594636;0.3395117043657325
217558;0.03360135220046845
217558;0.47018620418904034
792172;0.8686907086557784
792172;0.9657921848158664
369129;0.4493019383648398
369129;0.26034957766920874
626676;0.21289277438494525
626676;0.37592938215059324
654506;0.17066101868885153
654506;0.13280268492515812
778256;0.8385566806160131
778256;0.18227183727775953
46756;0.8989122632054377
46756;0.4336434482889374
807623;0.49174847472219496
807623;0.670806159522403
378785;0.9789315666360443
378785;0.28442553904983314
45885;0.3054842096857764
45885;0.8711101281500658
178907;0.30756392579224934
178907;0.03573649564324799
293875;0.3772829415662139
293875;0.040914376237499495
50790;0.5164402798862989
50790;0.6277086397425657
783880;0.7980775984277431
783880;0.8061164925934658
649456;0.038815695466155486
649456;0.12075752704272935
769760;0.5423144216259634
769760;0.012033492439254445
712254;0.3811785899918906
712254;0.8092610588664025
179969;0.5908371785959784
179969;0.578638488892057
910928;0.8778031437899501
910928;0.3024029466251217
687559;0.16212749594098674
687559;0.4042127487564121
604059;0.654112873342967
604059;0.4020627580280163
936270;0.07498555152600961
936270;0.4033568728196484
942107;0.9893109166076295
942107;0.6340171610648303
788733;0.629525675189797
788733;0.793776405121192
407913;0.9378744749450578
407913;0.31420664965906386
688107;0.32594607903583084
688107;0.5622454844137612
721303;0.3782745492327563
721303;0.7542695860747104
959938;0.45942567853246397
959938;0.2133171208065464
696606;0.46102530157668886
696606;0.6689178448874287
177072;0.6609201837019024
177072;0.8976719907618081
553738;0.4772373231177621
553738;0.34493063496708076
447080;0.9356594022671834
447080;0.7851705778400603
463199;0.04853318476822066
463199;0.6817876659747311
241569;0.2897354445726824
241569;0.8732584836356441
50357;0.8293436920879469
50357;0.8990843605783915
905841;0.09782109669901096
905841;0.9874288128288609
396553;0.9412602155609087
396553;0.08365016407491832
632413;0.33202455734836056
632413;0.24851577218291143
450873;0.3365265949877637
450873;0.3449635714309002
993982;0.5112988612307383
993982;0.8384256247323871
502354;0.42621953102259913
502354;0.7172770136614637
41600;0.0014161628613790223
41600;0.286866554826294
91972;0.12482245783337864
91972;0.4942048431172691
513703;0.7518872031173783
513703;0.4985563510458867
7522;0.21778479328505174
7522;0.8781277242800842
884942;0.7221463066474261
884942;0.656112515761377
306343;0.47573747085978646
306343;0.31528810674662344
139732;0.7202375932521299
139732;0.981718977044581
620156;0.6132180547142824
620156;0.8146176695603725
378656;0.5358143368087127
378656;0.7393081268902494
302058;0.9769757568862213
302058;0.15640960089914413
915768;0.7098316557292598
915768;0.9303466196203825
57639;0.6092452741977807
57639;0.6571354461445387
749541;0.9219404134613359
749541;0.9147921332504932
708574;0.9711878839528468
708574;0.3520654065015447
131765;0.936902365287073
131765;0.39431252531280936
631868;0.2050051720753211
631868;0.10799936983696135
813003;0.21510655561270287
813003;0.11405984656649537
868745;0.19135617089717383
868745;0.2113564291191452
851984;0.7428194903873477
851984;0.031374100216280176
640005;0.6245672236317495
640005;0.23226018141833338
488317;0.06106248770927902
488317;0.819076717959529
45462;0.5874537495387571
45462;0.49473500448371444
204670;0.9108690471035226
204670;0.9781662114294989
444192;0.3312948486731032
444192;0.3064680730859247
952338;0.4735171131453543
952338;0.34797913861886887
767123;0.7415559646333945
767123;0.5369209055314051
144266;0.5964728616852892
144266;0.8700618873456798
746773;0.08789438887761836
746773;0.5980229515014546
499021;0.6519750524628076
499021;0.9858368177557156
141257;0.9447958152748368
141257;0.7973311516395793
276036;0.6566141987539122
276036;0.7198367243428135
630136;0.7901608007473139
630136;0.14679972128041519
654562;0.7227016913201415
654562;0.10292365091029787
562184;0.3823097835811925
562184;0.4240148255571967
976837;0.7519004482856738
976837;0.39715265415642365
80173;0.49099260105614784
80173;0.10369670909040796
185435;0.30478490398090063
185435;0.3400329992667127
348374;0.5437277040179436
348374;0.9167356349504558
136200;0.12757429689050104
136200;0.3217921348756174
663805;0.7200331336020042
663805;0.9693476817139368
121299;0.34697229465721735
121299;0.16400777031253966
747760;0.9537586877604461
747760;0.0040230615919751855
354524;0.48191868155776296
354524;0.14876102112525724
929381;0.336254020077979
929381;0.25689774912857344
574186;0.02557918903120482
574186;0.13171138484738165
899723;0.429541617216071
899723;0.49907150226823815
249409;0.9276281219340183
249409;0.8163917270345062
899322;0.24177749414523508
899322;0.9525155194248952
288532;0.9246416259839102
288532;0.5058292091343038
227613;0.9495404729612844
227613;0.08160003474564193
963201;0.9990894909448721
963201;0.04309319152880298
187407;0.08390871730365557
187407;0.8072662776529308
415131;0.14990811918954483
415131;0.3808287315383988
947319;0.04379988592861184
947319;0.3153459376469684
456990;0.21604679953940176
456990;0.7880397373396971
553470;0.02467600366076561
553470;0.04552194988166447
169045;0.01971349607016204
169045;0.5987112469794795
575999;0.7798061096456643
575999;0.4200369801158701
664590;0.344605197756629
664590;0.37390155747967513
474118;0.4979662485436467
474118;0.11699995781183137
25111;0.5248170982721139
25111;0.1176603106085734
904571;0.3024615613728643
904571;0.734046722815686
551542;0.48586173339618455
551542;0.7394847535524259
106781;0.15529316676607607
106781;0.11878564172788719
205546;0.8368034697847738
205546;0.41307400044957976
820478;0.7277149943956964
820478;0.5381454729788696
273910;0.7462979849765553
273910;0.4784086052050186
337117;0.7819194150430658
337117;0.7358642268024984
831914;0.5275949145727385
831914;0.6055166921940589
850921;0.37302720809404644
850921;0.7227166719497005
302321;0.2425563419351089
302321;0.4197890764081559
678688;0.7435505933370231
678688;0.8627393781351429
192906;0.6882035555601063
192906;0.238734659577315
763018;0.34173748401983184
763018;0.9576218615064412
966358;0.28812238029849946
966358;0.6331878059709067
812613;0.5235674687695773
812613;0.8171713465630361
430427;0.5862395959284076
430427;0.45608592852751173
886751;0.8270361076592756
886751;0.9629141241636947
572117;0.8881894916051895
572117;0.7944284765378524
102057;0.6151051314361302
102057;0.9084367981839401
652251;0.07640574543725709
652251;0.5411484183272074
92645;0.7395994073461786
92645;0.6883639194595021
623407;0.6523642026229822
623407;0.4289781065830143
662131;0.8488687934663286
662131;0.2615612399041476
913188;0.7342357333862047
913188;0.8973655459892387
242972;0.13154735150279395
242972;0.9854322390502827
708410;0.6176036503617728
708410;0.21063974298151544
281476;0.4153239879056493
281476;0.154693934716004
17729;0.35001696239792457
17729;0.1590121635426558
638695;0.259747673987772
638695;0.7245378212021373
671180;0.6100069355302944
671180;0.8402274187426741
521292;0.2649432887416494
521292;0.6421589175052258
94706;0.5428060407425153
94706;0.9275932395550319
581876;0.5220958433541718
581876;0.6983604896528478
661560;0.8944180067969887
661560;0.8802535833487881
247728;0.8335055263373856
247728;0.9389947770272189
847111;0.08542394692420219
847111;0.6972106645625447
377623;0.2762526392031439
377623;0.7784419571949104
7853;0.6690491829810817
7853;0.8096876178775689
455061;0.05801153925149782
455061;0.9637467888255313
880938;0.7857952481343927
880938;0.8978731539739839
536882;0.25773905200393254
536882;0.5779704162035818
771178;0.7273749217154067
771178;0.1786490963092765
48087;0.6252745460120774
48087;0.4463081116322134
379627;0.004856911417687515
379627;0.4421737798176524
656738;0.9013757475575053
656738;0.7996466106429031
545624;0.9035022471572643
545624;0.07816261745581288
343593;0.8747477184292269
343593;0.5519029880228671
598407;0.7855162404894799
598407;0.9076576351097949
373720;0.15508306159084218
373720;0.9165314499514806
846182;0.059375707556021284
846182;0.17924310918368114
601208;0.8178251737179166
601208;0.3161210943359176
175009;0.304420033386149
175009;0.7076404672569158
825766;0.21235256010521197
825766;0.7737654548164081
722340;0.7691717658001621
722340;0.7314390221452007
147435;0.17799562670453628
147435;0.3017361624045779
52895;0.3439657005696434
52895;0.46424860493690223
129635;0.19160042500491414
129635;0.48987803087719506
836692;0.07277652942123736
836692;0.9092391613482068
580117;0.03712449758391778
580117;0.8677320246138289
425238;0.17177958288427342
425238;0.6150542181223999
393216;0.915385261966552
393216;0.7349090119557552
153376;0.6288778180472926
153376;0.5620368925167961
942413;0.47493578448720286
942413;0.9777798334168324
608415;0.18654536175227543
608415;0.23268422709385106
64944;0.6159723656630272
64944;0.24415368949656424
60909;0.03710816914425896
60909;0.6507776716760859
70801;0.9157182098680536
70801;0.7788785003687424
47877;0.013471294654868293
47877;0.21580573157601357
930351;0.6206880367141987
930351;0.3139512959167793
942746;0.600351280170436
942746;0.9102452816101152
507711;0.9598117669602606
507711;0.2923192956543009
406711;0.13461812910045556
406711;0.8829700457879821
447977;0.20796378720084374
447977;0.40059659622510746
518527;0.18394820448963933
518527;0.3558388778894518
501731;0.16923409226178354
501731;0.1777867530154139
626646;0.7290182667534245
626646;0.9255610146320852
694482;0.1749782674070166
694482;0.5651581555688127
887459;0.343150933360871
887459;0.7882504106265067
648487;0.09835107801420784
648487;0.009430049314536615
244827;0.8384424876814864
244827;0.40589875182049706
285407;0.9705317552874706
285407;0.44641487743980934
176559;0.9727573361815984
176559;0.8032435175475972
264589;0.13903904581798332
264589;0.3146048398722844
898266;0.28176492876314163
898266;0.10591793716381137
756017;0.5448680448398617
756017;0.34876264193117246
975781;0.7238942806669943
975781;0.8268688988256835
466385;0.23472542421598164
466385;0.6002861837418302
630760;0.5788015543328484
630760;0.8598926497896867
312734;0.6411139420427182
312734;0.8297800976781919
541340;0.7115387356207523
541340;0.4755729157278792
699799;0.42515177775329516
699799;0.268931826242773
796602;0.9281516122882634
796602;0.8469233394401268
20817;0.7185628428412897
20817;0.6381692583865769
463048;0.5595836329945315
463048;0.7116538020330837
567034;0.17254803134542218
567034;0.4207011059407918
852945;0.22137221153123365
852945;0.6576663285420696
881118;0.573294956318145
881118;invalid_value
918777;0.48028584484087955
918777;0.6500175678592154
159788;0.6321573741926272
159788;0.12245654295991726
28071;0.3750615933196594
28071;0.5429610493422481
93797;0.23772354560495812
93797;0.11177436862444623
995558;0.3204089771178542
995558;0.048283662237766256
808433;0.16709727289147114
808433;0.1604126740795765
982071;0.3031341091650589
982071;0.46802453007182354
138753;0.38579919505680527
138753;0.2431735083023676
321241;0.9398320050780951
321241;0.9941380927317597
159628;0.10050635343671233
159628;0.9623985899466573
574432;0.7802583069065986
574432;0.5043317407300897
354526;0.4047178406702051
354526;0.8485695906093814
710541;0.9072083249624057
710541;0.7959750536710354
828834;0.13954183899476724
828834;0.25243440107919113
637911;0.21293787286749966
637911;0.12572834370262975
340722;0.007248209369309033
340722;0.8864948712038442
104284;0.5028856803073793
104284;0.4766793565837508
93778;0.33798024461831033
93778;0.820792553514639
699376;0.3030406759885884
699376;0.029618756562007742
882952;0.9369180728636138
882952;0.3894867493762423
557643;0.5277265749191795
557643;0.4743772822389464
95141;0.42033295289683725
95141;0.9730037781868658
326023;0.012422794668356163
326023;0.11155845881737492
123298;0.11733578847736059
123298;0.7949617524727353
245145;0.29776242045144496
245145;0.7169381433603599
52072;0.5981462930361817
52072;0.5733645406793461
359339;0.45381344233798315
359339;0.43072409982843096
347363;0.7525484927166405
347363;0.379666908301345
915846;0.9112675813129625
915846;0.19513814062842727
654154;0.8913213713107999
654154;0.01636702217487518
324394;0.5951910454543754
324394;0.3601412682299885
442974;0.49988278798034846
442974;0.89561893168986
477090;0.15038018936174635
477090;0.8875137005237089
680446;0.5269034735519011
680446;0.4073658893914367
753213;0.29133325036024105
753213;0.5847869712871867
816227;0.8077599826868389
816227;0.15464975979729711
959357;0.18930221956777316
959357;0.5407315274238551
792788;0.09385612511152464
792788;0.8270905797095611
296469;0.21336422461664306
296469;0.4305852166984102
463911;0.9833054761463332
463911;0.17204799827312645
156547;0.3586815074791653
156547;0.8235666363250965
550941;0.18769827635363867
550941;0.033268730464740215
464044;0.2885006065758835
464044;0.8807305663326583
745786;0.3973513252403186
745786;0.2280244016223557
8284;0.7250178709984381
8284;0.8897996556721943
385264;0.2274298017206665
385264;0.858195621236369
301406;0.6099076104668335
301406;0.1672049723448209
955034;0.41692673740019426
955034;0.7792906768035963
525521;0.699699575759013
525521;0.026173661435206275
431165;0.5044149585433225
431165;0.4082605869865432
23915;invalid_value
23915;0.0815687015706349
781532;0.37157829839004997
781532;0.30947372419487096
477403;0.9075528631997193
477403;0.8891786018328456
59595;0.6852197348466283
59595;0.7504217345773119
611480;0.8348792944999961
611480;0.51077061539964
268237;0.18106907497546465
268237;0.6092717245154698
184670;0.28189966431639046
184670;0.06951925013587967
196508;0.52863767657824
196508;0.5297653922130766
657469;0.3017048455869247
657469;0.411033564571331
666036;0.6269786803306758
666036;0.4872758845995745
964551;0.47545564656936923
964551;0.5236178201541606
940555;0.8338847578227705
940555;0.2396807646051795
41190;0.5819507026860138
41190;0.7537332830603245
926088;0.1958307344965512
926088;0.13046811154341187
987105;0.6420426550958148
987105;0.05371673187671011
617493;0.9186343964046834
617493;0.3482497622375694
430828;0.6643726384889443
430828;0.5166006248617927
679888;0.2828396036039008
679888;0.9025703755961579
559790;0.9163518628683051
559790;0.8360845835324721
357794;0.330889899872411
357794;0.8606819894874835
666369;0.35313126359764446
666369;0.43932632293180407
671174;0.055254631602875026
671174;0.07975606696605841
687703;0.8739069267347451
687703;0.9740689087403113
605057;0.865140485340761
605057;0.5749154983461748
392432;0.030796563451609305
392432;0.9988761803075926
83612;0.7414673506668913
83612;0.1640930410970849
849499;0.17659014552996377
849499;0.002132346276424557
738065;0.04062931188885932
738065;0.7032527222932125
452358;0.2280975370927566
452358;0.4267570908335686
871138;0.9553880571029278
871138;0.9590984204472449
423464;0.775016343221328
423464;0.12209730442803524
748574;0.30023537466523265
748574;0.5138925519918193
606006;0.5434555880827915
606006;0.5617246400928805
175898;0.5215873575998649
175898;0.6920586867825679
610514;0.08085635123110535
610514;0.8458057924125991
745164;0.16434751143039195
745164;0.07759586192422563
350345;0.17865937696177991
350345;0.3323443354360669
939570;0.9678843753419462
939570;0.22158079172158818
453109;0.37706568434171706
453109;0.7181219207012729
982474;0.03192636014313588
982474;0.8271231088896056
616201;0.05546006379401491
616201;0.25994207890009524
968660;0.3466346769393801
968660;0.9696013580264629
700625;0.09211358851268237
700625;0.5109265363172963
899105;0.7194205306924629
899105;0.9831640421628883
735429;0.2432351965296471
735429;0.43650898155748064
709494;0.7702543987694982
709494;0.28180076666037956
583234;0.816926164370016
583234;0.6914606339859022
987257;0.6050803151144856
987257;0.3357254479429532
13255;0.4588766580791884
13255;0.9321759321169053
16929;0.8749064334600182
16929;0.4103487050432496
138274;0.04441531970951362
138274;0.9440312715106751
99323;0.45043328261283344
99323;0.3507407414042
314022;0.1578756325626791
314022;0.4566744802705047
734370;0.2735954098131308
734370;0.884315775329647
423721;0.2720037027748283
423721;0.906068718997936
501498;0.5773070986017288
501498;0.551091260850579
645669;0.45986573307569434
645669;0.2868871314362943
139309;0.9054848246767087
139309;0.7905907413066396
38222;0.9673598858594848
38222;0.8458941262045976
678027;0.506182444823603
678027;0.8231954572254414
977358;0.5504773342300829
977358;0.023703257031744696
143027;0.10207856234342161
143027;0.24785891664266457
330748;0.28990706118818876
330748;0.4238080814672429
103380;0.05150216021072174
103380;0.010160983656598233
480989;0.0899026892610757
480989;0.619418103475312
529862;0.21423486297451833
529862;0.1404153405350682
425776;0.531416750958118
425776;0.3915546715256921
435877;0.03268200554802747
435877;0.9355096257296666
638664;0.40457853814632005
638664;0.2064352998518001
708632;0.6900651246931986
708632;0.4484276447529639
529103;0.20741830516435955
529103;0.42541052452586625
502769;0.6835828821618276
502769;0.8221469985853872
852754;0.793663852513714
852754;0.025457620037505624
766086;0.9542770640752123
766086;0.7727629953767177
754672;0.4992165518239938
754672;0.06209345093278851
845430;0.7847283876538803
845430;0.6953341718629426
432729;0.3140738125243261
432729;0.19452533302574126
939651;0.4525422657683513
939651;0.39428237642850894
20045;0.9807313631861356
20045;0.08297086348989136
774076;0.24319965447556036
774076;0.420872052017104
462894;0.5248277194467694
462894;0.6611134003028669
295040;0.14518321817189028
295040;0.9689926470072904
525482;0.38968105213249027
525482;0.8239116465195917
738251;0.052812056928945306
738251;0.8219791142752146
254955;0.004653061410716197
254955;0.29720174831818047
349208;0.7531650799182191
349208;0.18995690762674122
233608;0.03624589250319998
233608;0.40184787406877165
245236;0.34409042410596313
245236;0.7947382549139934
742388;0.37548708018904975
742388;0.9019146915712234
777561;0.5465850574924503
777561;0.8361038224283679
851405;0.8065672195997728
851405;0.8873976114662758
183465;0.7599090541996554
183465;0.08254818635584704
192103;0.6126685579781572
192103;0.49784795542006144
915091;0.9543319254809299
915091;0.17491500828290973
558998;0.23317941722966307
558998;0.05921074013654193
411404;0.36809206105268644
411404;0.09657675828144441
665902;0.24826753504821442
665902;0.9983279134435098
921279;0.6864020058677484
921279;0.7063686918681282
315599;0.29517870550105463
315599;0.9282713253578024
292352;0.9809442215528968
292352;0.6358464505282949
303928;0.041941408028376315
303928;0.7805908154763006
570521;0.3201748460732069
570521;0.4491316342945699
160824;0.4671422293900538
160824;0.9304455433253693
383833;0.6550615379934438
383833;0.9619421924925908
188972;0.8838165017734702
188972;0.38753400419814343
397011;0.9315060449392616
397011;0.006090315201157437
643051;0.532388023420863
643051;0.5488809914359631
841064;0.04596704477971858
841064;0.14681858038606665
845966;0.21352316436351637
845966;0.37821973895190386
620341;0.07958121679897256
620341;0.6636941796572893
19617;0.4026198352605136
19617;0.7525466604211849
517811;0.8911432667239574
517811;0.4191087746074972
703238;0.6643715243495298
703238;0.5939905587749275
470077;0.06822805247294561
470077;0.5107386227392167
946589;0.07217717188952011
946589;0.7660272401884352
369447;0.5066767213436981
369447;0.9334319282976423
708537;0.6043158106192364
708537;0.7937457840822221
914101;0.22951123501081505
914101;0.5579225855758718
464773;0.5492152652426221
464773;0.6461954061158349
317996;0.5703875261011747
317996;0.6148580307647732
907685;0.1330987488068388
907685;0.008236179067745097
535605;0.9239171813555531
535605;0.8743385010903704
657335;0.8497083894209421
657335;0.6836875466259277
579364;0.24710400720069348
579364;0.0374287623262497
98890;0.26417454498688875
98890;0.7067353016067989
146896;0.06669352811561391
146896;0.5691962377284904
97285;0.13361515820545022
97285;0.7864204717123633
181738;0.04207431619156066
181738;0.8846787388184167
877325;0.17479992963856228
877325;0.981257750547946
941086;0.1427340654913294
941086;0.5835319042179035
112555;0.9024996018695592
112555;0.8037074207838893
847268;0.9060344891790834
847268;0.3390767892413441
952560;0.6765981384254356
952560;0.009324316357489204
233780;0.6062550627552062
233780;0.292514264192955
403925;0.869589088996895
403925;0.9553074648431515
878646;0.5493065665979782
878646;0.6160757096920092
62563;0.7550256183527169
62563;0.507488432655326
832662;0.28382652961815724
832662;0.4300920477686687
694164;0.32437694102626813
694164;0.8004734778091164
863481;0.013314881436837345
863481;0.3160571829253699
930540;0.6682422414844609
930540;0.36944577879168294
338361;0.9701922363958715
338361;0.29094049874986605
754222;0.2728942689567885
754222;0.9699419030356893
72133;0.9505218952654575
72133;0.8794846706041387
63249;0.299957788061893
63249;0.844397989876174
674741;0.42894580259882686
674741;0.44389851457730467
161607;0.9734444738478109
161607;0.7076754101256927
825794;0.1662802473240239
825794;0.3284452976492438
542728;0.45411520833692864
542728;0.936642161958305
553721;0.32846217580605086
553721;0.9687307605009985
531062;0.7417624499164066
531062;0.3035800848280399
455887;0.08121139794891896
455887;0.40903369471518225
53660;0.37918670632849794
53660;0.3858738857015329
429680;0.318078725268069
429680;0.9927424774163587
892705;0.6911716796592776
892705;0.733807066626007
770552;0.7380114636046341
770552;0.4372577940341461
783536;0.2143884909439816
783536;0.04084939139648358
775376;0.6882759565944454
775376;0.535788903247219
416392;0.5013434165150823
416392;0.3809386009137322
435434;0.8715637666828039
435434;0.37915090761326
306764;0.4864004546168099
306764;0.9520282425354675
946799;0.10262094164421309
946799;0.23649252729006742
913541;0.3263944500879642
913541;0.8254619789773948
338662;0.9127026804051939
338662;0.2976897753459846
694741;0.379917919434523
694741;0.17784248646003042
381901;0.9937058301126345
381901;0.37622263678717505
393295;0.6457974314991487
393295;0.9213674799463346
784518;0.24658435586966576
784518;0.5216611036215124
553974;0.1450252766671729
553974;0.9083038261811162
578403;0.3783960830165055
578403;0.6356070547191954
531920;0.5595179824543135
531920;0.1379041712292376
912919;0.02224692443952203
912919;0.10267862502410963
531902;0.7852886323284932
531902;0.19809872050373134
219254;0.939557245896541
219254;0.231417651687442
898293;0.9707162982289058
898293;0.563655132488089
782209;invalid_value
782209;0.4228459365557352
940506;0.029527401314277557
940506;0.5851563577560628
878225;0.126060721181542
878225;0.49930647996140254
159303;0.6641015792672257
159303;0.5859307449500714
825251;0.521580826584917
825251;0.09084306839900669
253618;0.4567171305355817
253618;0.969153597336084
603632;0.34912994386551444
603632;0.5341208341892667
928302;0.3074203494455038
928302;0.48922523307690424
944996;0.7997533637490334
944996;0.2715317026409525
443785;0.9626050604554666
443785;0.022921504210071664
966308;0.5814083107821264
966308;0.38528889972620217
719164;0.10472421181788982
719164;0.8818190374014497
562764;0.1747055701473359
562764;0.5638530163463957
284649;0.3079638238558958
284649;0.8262203863090357
337705;0.9211512715372214
337705;0.7077580841394452
382104;0.7579083181483772
382104;0.08168799871252896
977716;0.7605683761613314
977716;0.5102433863543113
568123;0.4102655248934939
568123;0.9997667109888624
249090;0.43765363298338034
249090;0.2346811045682703
165054;0.10561966961570168
165054;0.21075051895865993
806891;0.39568381070820635
806891;0.3285135735010609
761258;0.8267290888079056
761258;0.23698148401437047
137411;0.30668712153078825
137411;0.1447518297714051
884674;0.06633999549987146
884674;0.737402123055475
116508;0.8687341192670159
116508;0.4078702809293938
491038;0.7559049435717231
491038;0.500664138867476
777647;0.6759150664369662
777647;0.7233896626409729
460633;0.2676445486882876
460633;0.5712473644364564
722399;0.4737877834877017
722399;0.053499025329732164
660045;0.628086564779421
660045;0.39590472555128875
516906;0.6554574616006678
516906;0.19422455607460032
457120;0.5316688216964632
457120;0.15861757370438878
298305;0.4503785158448672
298305;0.3836425407947871
474700;0.7672862402974671
474700;0.41194733893505264
846772;0.26659987596518664
846772;0.5605508613256538
693304;0.776860900269379
693304;0.040088614895334995
670286;0.8881535031188968
670286;0.5431002232853321
367799;0.7311269150863676
367799;0.9382327630909344
32533;0.8034694198602824
32533;0.22483648314394422
341793;0.15351696370168944
341793;0.971519475331765
955691;0.9545455377164365
955691;0.17982293822778483
287222;0.7971348728596257
287222;0.25579864803952646
815555;0.9997601331017483
815555;0.7274558455047879
332318;0.4799736207690186
332318;0.8913809714537648
49754;0.10128713120615984
49754;0.11189299256877305
104682;0.29718855487542817
104682;0.001223044977157084
114305;0.9639082522632101
114305;0.25041172901860165
304382;0.42985937333031676
304382;0.7809388676582559
752181;0.8803780355759754
752181;0.31563893151222544
964655;0.4929369386747017
964655;0.2913222589652873
482363;0.449681130120531
482363;0.33819825551282834
255233;0.8868149682369986
255233;0.36279550156409857
620756;0.7604750195104374
620756;0.8011988709059734
513865;0.866319778908631
513865;0.3249543840008845
712368;0.6406585899311491
712368;0.6108074487981713
665786;0.16931395136273675
665786;0.38163575031709107
450187;0.43316778489746666
450187;0.6853966434689825
452296;0.2825175821853223
452296;0.27242735603242596
115414;invalid_value
115414;0.21551581157042654
563202;0.5140689031110544
563202;3.9066408708177125E-4
959615;0.6296718599356887
959615;0.09206425678627395
147025;0.9809531082482528
147025;0.08874868789212209
590203;0.16529534744106944
590203;0.5460918163341929
894385;0.8177576752081753
894385;0.06531352301051607
659504;0.13410963128760411
659504;0.7233286079386698
751195;0.6167825098370132
751195;0.7820466103043473
355830;0.20319319135885916
355830;0.17807399482605135
717057;0.0996075895547025
717057;0.5876475832483574
170924;0.5871050071168288
170924;0.4370147715913818
510394;0.3770799541297497
510394;0.6012957878337521
810482;0.9385353765575548
810482;0.36132556452465203
575892;0.2681620855093477
575892;0.9823895808238019
203650;0.9423850439042039
203650;0.8945410056518242
632620;0.6436934143877681
632620;0.15639423817777376
757445;0.29424293002902646
757445;0.057422497620738144
319236;0.26973621497496003
319236;0.48257248798853114
686866;0.30291069725198605
686866;0.9181814482069388
745330;0.5489665035355817
745330;0.8039900583762497
84400;0.5125922075138865
84400;0.5210697545839168
535681;0.5772532825207983
535681;0.6755404818602391
155122;0.5851176957846964
155122;0.14586205231825944
140550;0.031138930724576408
140550;0.1277686349003203
644613;0.6608831041625229
644613;0.2347915118082875
982919;0.3869128878821978
982919;0.29770439269169846
29623;0.563408471277725
29623;0.48234182891902533
380130;0.0833203774261424
380130;0.08081637908924832
788566;0.6002965303235281
788566;0.7656482748517676
631019;0.36931824215542375
631019;0.7657715843040995
575393;0.0454817724944554
575393;0.9553475695312978
704740;0.7431087607986069
704740;0.893630760627312
115205;0.11475006202809412
115205;0.7340018081276858
860367;0.21766499976808695
860367;0.8471550608265334
435504;0.05082762301818533
435504;0.11468599412836555
416970;0.42916700011398035
416970;0.6915600741890254
301793;0.7177938044321734
301793;0.5717276740344094
13825;0.7526706006608637
13825;0.15032711094790063
25343;invalid_value
25343;0.05866086598491238
606003;0.30118597300341365
606003;0.7694954290896724
418595;0.2966872996870923
418595;0.6462567088204223
22234;0.15871626971535557
22234;0.49295084122907606
79807;0.6992947887602429
79807;0.21935361013428034
839983;0.5286217417027922
839983;0.17283616430767312
771356;0.7163312933114787
771356;0.6819724919806671
9508;0.38668245700414206
9508;0.9617758670168315
599815;0.7972783839261667
599815;0.03559538808078877
122808;0.8988927629731132
122808;0.019757407731396892
952509;0.5678210394957409
952509;0.5525029340186708
110765;0.3344012036335626
110765;0.9322618870170496
737871;0.2040072166144612
737871;0.7241957442836109
900349;0.9612008309271094
900349;0.6532021163135472
140216;0.45865357808232055
140216;0.34045209569401236
695406;0.30233029050200466
695406;0.553990365205763
371348;0.09049311434791751
371348;0.700018840808823
311546;0.36681608076545547
311546;0.5613536964659019
438772;0.9065340699824634
438772;0.34189602837750266
948368;0.8655197580251968
948368;0.46846125093913016
844558;0.12939119024791335
844558;0.5379469337042279
336024;0.7184849918832419
336024;0.9635032211441339
2431;0.9728578747886324
2431;0.494086808816382
659836;0.6928305451789196
659836;0.11375150968667402
591736;0.7168547404647785
591736;0.8585870924290091
276963;0.9082684263540474
276963;0.05575482495340145
285496;0.9426751791308673
285496;0.21032324712182093
504232;0.12644155456915773
504232;0.19140985517719822
754412;0.9129200678727113
754412;0.9908958320906692
335386;0.047553827031902474
335386;0.4271784774875621
487581;0.9724875170032319
487581;0.7695154223123984
189563;0.6315075529051174
189563;0.5171285627414253
74639;0.7471720311748171
74639;0.48843128853833273
837328;0.21973712621010855
837328;0.5711571364113115
984022;0.669051707812421
984022;0.6537845931682459
729910;0.019351494146048975
729910;0.2575595078191548
361954;0.3282843969330773
361954;0.2957212105164284
765806;0.8530685633748187
765806;0.6483560333737042
775829;0.00116670573102029
775829;0.6776309568565121
15552;0.1352775895763937
15552;0.21668770774369261
892630;0.7746321202970585
892630;0.22740916594542526
186395;0.9999680794230879
186395;0.8093651386004863
78941;0.6672886986888076
78941;0.4350382650477188
903216;0.4428679955601378
903216;0.6485946993414511
146378;0.048620421235130884
146378;0.008344665606905943
979502;0.3807976328475672
979502;0.044795874905240174
244791;0.6150120195480212
244791;0.011214387640870127
797094;0.7294148609807909
797094;0.09957723423798781
580256;0.3670299452758332
580256;0.8399232768231908
110287;0.8406217354191498
110287;0.5025498579778218
833633;0.3742783420113648
833633;0.7969436323031345
392065;0.8827342096963516
392065;0.17340597194079432
832565;0.5252724659392989
832565;0.07084933701790463
88880;0.8943087922002908
88880;0.04994771655490193
689991;0.45165283232339115
689991;0.7319727854679161
479356;0.2643373443907744
479356;0.9567078231953763
533918;0.25978222033097875
533918;0.2484641435646301
466688;0.6849819859008042
466688;0.071790151565296
705409;0.07759854210215933
705409;0.6036214356096802
293141;0.5974159536522702
293141;0.08451854982107354
139153;0.9702105177006378
139153;0.9118571752965033
562585;0.04993961408757597
562585;0.13433447117489394
678561;0.03228508270890251
678561;0.6447997906372234
984605;0.305640057789372
984605;0.507528812081351
140179;0.824781040483973
140179;0.5744353292323566
574529;0.3222273262932124
574529;0.27303133620751363
744053;0.010303265599464928
744053;0.8460603931645787
197186;0.6203685974344618
197186;0.7553361330220049
27580;0.8435347416196188
27580;0.7956470291425591
131012;0.5308594360794331
131012;0.09142293842476212
701471;0.2935319282438482
701471;0.9899550287866653
450680;0.3755385077120468
450680;0.6661349845713566
995484;0.21034426838928966
995484;0.7598125921061525
725302;0.9043584054975633
725302;0.2771274915974571
978639;0.29928643285390943
978639;0.6819208990501323
835866;0.4022046148108287
835866;0.9624694161223232
488538;0.5583633251512319
488538;invalid_value
398145;0.14033910021006035
398145;0.8581294533597604
409909;0.8851865970555327
409909;0.5636186049354998
297179;0.37355115884392187
297179;0.017073386046268846
346807;0.9111036496729686
346807;0.23959676251695528
574470;0.4434872393179654
574470;0.09824760453431025
201401;0.6345032227805268
201401;0.1270421313350898
253705;0.8574414478771071
253705;0.5593014917281481
39587;0.9859375951660779
39587;0.3502002082395247
973411;0.8062933054747744
973411;0.31095684867486895
190407;0.32814024618536
190407;0.7308051865498528
322442;0.5464229067345546
322442;0.4272783837873363
172304;0.4401498369403255
172304;0.10492201347433949
277145;0.38925085601221066
277145;0.9305674360141513
144433;0.19915618881935648
144433;0.3388280705233677
248146;0.46950846089798737
248146;0.41073521716313044
588111;0.15997712714617507
588111;0.2899423971447056
272940;0.9715588614161699
272940;0.8007582824995009
771736;0.7627667992008494
771736;0.6625443441951407
532122;0.4823064931968637
532122;0.9304957511672526
714431;0.27180514920584986
714431;0.800177853418331
413618;0.6906746908158072
413618;0.9364321063944296
779765;0.5758131963734846
779765;0.6962504013175639
861249;0.5533088685713423
861249;0.0717999643083912
480317;0.4390755803350749
480317;0.6135490284419804
947569;0.7483651650713775
947569;0.5298582763158329
804461;0.3359322279002166
804461;0.1574469538924279
246871;0.013554225234460926
246871;0.13498633367635593
520946;0.8270777730628374
520946;0.3641473885025107
728384;0.4467296517506669
728384;0.9324065362548352
402478;0.539033558570245
402478;0.3984307604931201
767993;0.7383805620844365
767993;0.8464269833214615
297245;0.03399928790297446
297245;0.273048555801118
701136;0.5822973750144813
701136;0.27975196195380747
428643;0.6528588127701512
428643;0.8760756611331316
955958;0.16161234584039164
955958;0.16182997297685908
35894;0.5814760001811924
35894;0.37335461123760283
759649;0.9619275143638185
759649;0.15013233526345782
429672;0.039682112425264315
429672;0.046297595140237235
25292;0.7308931880506325
25292;0.2719449029318384
561532;0.6827365901792528
561532;0.3122996723197148
222230;0.638688197329286
222230;0.5128011510377232
382748;0.5130132536386549
382748;0.9595318581076537
459571;0.4248197831530378
459571;0.6409936812090081
531538;0.2971496856145669
531538;0.9972425588060289
402169;0.8114779732519956
402169;0.38355145520831524
465403;0.5272991120848953
465403;0.851497286289901
804633;0.6957868029209027
804633;0.5371315303800891
336771;0.2165139464644027
336771;0.16382114332304454
162667;0.405429193683705
162667;0.8278180489377147
621079;0.7232853304082696
621079;0.7423036973263039
661370;0.9599959126007525
661370;0.1315940196309885
97968;0.7919367328900876
97968;0.5106102327743539
579613;0.7824170408063557
579613;0.9587479791983544
383517;0.815963470241874
383517;0.048189943204978825
903585;0.1167625762581267
903585;0.4153121953740785
903510;0.48187246616629076
903510;0.890832505834283
107477;0.9563305570115983
107477;0.6441535763475937
256569;0.9851042850474377
256569;0.6675627971885864
399657;0.30539498797455245
399657;0.11117719520935743
319347;0.611331669002798
319347;0.21974003745737403
535977;0.34427334040174185
535977;0.5861723168512636
239221;0.841479035381905
239221;0.36192988475579957
864515;0.6814666962181956
864515;0.29983649326750095
559355;0.8714028468344905
559355;0.838790382422792
421608;0.941161791185241
421608;0.32154453010016215
691178;0.4140305160053621
691178;0.9119230317960461
589496;0.07638417212057835
589496;0.8874895515803174
654427;0.07588169694674896
654427;0.45764109486753
427884;0.6764965409191886
427884;0.6867482698398221
794611;0.07292114749579603
794611;0.4135244924065071
86890;0.7880726514359623
86890;0.15410213154601982
804714;0.3772325241806269
804714;0.6427653602573365
957794;0.5037228376205815
957794;0.8101315887021192
322526;0.5949079877689772
322526;0.24580935440695295
445574;0.17563486015193053
445574;0.7687346882948103
27536;0.08990915661623777
27536;0.6372838682567745
412905;0.17309759529590996
412905;0.7031755116873101
355252;0.9496755936963275
355252;0.8181690122563974
618900;0.16284093582249548
618900;0.7521768257643727
67814;0.21308859805377833
67814;0.0900432981397119
686443;0.506987221160011
686443;0.08178800327498803
367359;0.3455268768342533
367359;0.16948918355847187
708186;0.3888793282480765
708186;0.5895781829553371
671484;0.23530692672753617
671484;0.9539503660331449
397485;0.9479919728727096
397485;0.6362420590285757
965548;0.6392226366430915
965548;0.5803297711046347
104277;0.33626782822112666
104277;0.32004849185855144
252477;0.46271659733905735
252477;0.6494979393655387
73473;0.17957063197282264
73473;0.9886803753205813
45508;0.84595493605734
45508;0.7673446989285363
77649;0.3829229559978937
77649;0.5583959349548494
259967;0.29226606589753745
259967;invalid_value
845552;0.31835441957181854
845552;0.38378169927051
296109;0.05309194563509112
296109;0.27935859456517376
9658;0.7115016481733119
9658;0.9063567601490666
358364;0.21063353928816808
358364;0.4076397700061587
516054;0.9240059479030441
516054;0.10565295557478593
603810;0.16334709933086244
603810;0.6980773849328926
865711;0.5407779469758699
865711;0.6143183401914446
989597;0.47588475548115794
989597;0.6239798785182789
808;0.32212617378385044
808;0.7965397072369272
479674;0.913712094941248
479674;0.49085167900727655
392934;0.19057123214444405
392934;0.3171469704274119
471992;0.6749310805201243
471992;0.31869689150227387
212542;0.6232287551552415
212542;0.25831611867059023
436356;0.2814058662200496
436356;0.7742113461121438
363317;0.3605206068791209
363317;0.38629339144151986
985754;0.39567605016697716
985754;0.5915587045318752
961256;0.1357692496030044
961256;0.4212744909467173
713453;0.026707384270549972
713453;0.8549442463757497
769462;0.44223632260923806
769462;0.7836389510655984
695339;0.09679886125116488
695339;0.9003865422308457
622124;0.7477933891230081
622124;0.7610630643295465
445763;0.23237160078373487
445763;0.9892300190775676
933816;0.40822668311953436
933816;0.031807360693678066
97003;0.9434781152303169
97003;0.06671593344141336
632548;0.4501982421179175
632548;0.38853461460411487
178553;0.060362484975786446
178553;0.5972696486588756
911449;0.34990783102694534
911449;0.8357854375687538
985130;0.6615361500338368
985130;0.8908217488472442
809920;0.8557119616122169
809920;0.6123994527999005
886439;0.5234508230312285
886439;0.6289571346100902
804946;0.7726105631034388
804946;0.16943147979558693
510183;0.34901485057519677
510183;0.03036514939008539
797157;0.07907939868521052
797157;0.9365862079289081
221016;0.2772677891865041
221016;0.47696443431545466
637443;0.4041811876921363
637443;0.9338400021407607
866146;0.050418635876432694
866146;0.0015602218751078478
387115;0.582170340901357
387115;0.7482071091666314
480529;0.26148418245894456
480529;0.18580766855102349
675234;0.01803298706165457
675234;0.7917130486999184
190845;0.15777384748798584
190845;0.5730648613140843
18145;0.22445379784944663
18145;0.9488327854964591
755279;0.9118083519494289
755279;0.5815547857756869
696246;0.026252233143592596
696246;0.10682956961192724
107724;0.6454216822796085
107724;0.8339326538124867
16658;0.2652782385956377
16658;0.6754060248895754
120912;0.1615092059106188
120912;0.08513346732566007
491005;0.7405212189561715
491005;0.7362096571451883
114720;0.15983690819849172
114720;0.18952383847138865
681645;0.07568203262244799
681645;0.40098731799267384
556554;0.5145392617718587
556554;0.28530952355435313
962327;0.99905417578234
962327;invalid_value
935085;0.861271426825142
935085;0.050301056492119134
142492;0.09951543041998845
142492;0.07650296979762161
83794;0.4045488381031095
83794;0.2453635223016838
692149;0.3420328386476943
692149;0.8352609509508025
768825;0.06330281426341777
768825;0.44172077237193763
729980;0.8456250270113611
729980;0.9924169223661262
106601;0.26524276500771593
106601;0.6717897357804681
935320;0.4916210571044015
935320;0.4407236779439275
230760;0.40205069910485103
230760;0.7640909881121671
914883;0.6970156723876172
914883;0.5642026747245794
902129;0.31115438266382767
902129;0.8361660823553255
568982;0.44986385086340963
568982;0.6754571805511778
87776;0.16531175242981222
87776;0.8871492761483689
398419;0.29745338522405074
398419;0.905561236248649
97914;0.16904888131823315
97914;0.8634040790341396
921781;0.26304338918556147
921781;0.7874148757159652
860353;0.14716287096632508
860353;0.2148710744375143
558299;0.4648090005227813
558299;0.32163605183334676
614390;0.9230585397319792
614390;0.8334867414203706
334304;0.7038919469120194
334304;0.026471707481870332
420718;0.9739410020863748
420718;0.8725235476696271
224708;0.6515673958326713
224708;0.12978100147662308
115085;0.5447169848541227
115085;0.8344001084606172
379506;0.5424395811247523
379506;0.774073464401186
871252;0.17811898564188167
871252;0.7097017327858373
924262;0.8755520150146424
924262;0.10104139898938436
235574;0.14643197092111193
235574;0.8645884181863708
740850;0.3890583001458181
740850;0.03057246216865106
913443;0.8059905371347079
913443;0.8441408154726392
971185;0.34107672544991563
971185;0.5520696508006053
156936;0.5952321764560288
156936;0.8061867823651273
359268;0.17127723462647382
359268;0.4174966888767685
990588;0.38605384537699305
990588;0.04266975042763843
822211;0.3907449468742722
822211;0.4721329725082586
382678;0.9623394999308005
382678;0.024325739187550655
319457;0.43193795700343673
319457;0.39262965084334245
928782;0.04732536308541613
928782;0.414736999091027
207637;0.6762283282216939
207637;0.7571443583341783
755367;0.9972119703345382
755367;0.0072991236877298915
508459;0.501232846111961
508459;0.40397319112694297
908070;0.9446253960435789
908070;0.4796168223935332
148584;0.5675664458274108
148584;0.33400667267969253
844057;0.08890079518546135
844057;0.15252464839683155
577864;0.8778600950090856
577864;0.025396175109322128
944067;0.9321196848629141
944067;0.5453134672176265
293037;0.7991644132200543
293037;0.08393026854812913
380457;0.40849069700516805
380457;0.3292296414304804
872747;0.7716351264302431
872747;0.2308295528447868
242777;0.5224828495659144
242777;0.9614946900584501
139902;0.7281956418418467
139902;0.10349151133190915
744932;invalid_value
744932;0.15191136786130632
608177;0.681620938281294
608177;0.7123632119043374
362405;0.7518158753579625
362405;0.36883358538163424
194181;0.4015852131451083
194181;0.5292936790300545
694284;0.2034090219075323
694284;0.8042495884570485
389467;0.951832319757464
389467;0.017761105448311776
938089;0.9420846544532172
938089;0.09996577633700832
685084;0.9586472010476029
685084;0.8807700412759785
562589;0.5375575447055589
562589;0.07188774092835504
896192;0.6132163135191357
896192;0.08900402110198913
78100;0.8278981702241153
78100;0.5130850859341756
690799;0.9522078458151407
690799;0.34326474419977915
405537;0.9455088098167131
405537;0.1647507384389716
698767;0.11257263514617089
698767;0.1206369540541693
429269;0.9518328669912204
429269;0.9374376548350222
115356;0.5835442110898938
115356;0.5336066392525892
228699;0.12322920521021741
228699;0.3401865200717943
958689;0.45708877726934016
958689;0.47561478723787465
930415;0.7300164577353409
930415;0.5664365422411037
605210;0.4986897205572983
605210;0.1598329366332063
564018;0.18653671858310783
564018;0.5252061312073624
45650;0.9412048715124405
45650;0.6740390450999377
705981;0.9897682730198495
705981;0.597685069290561
69046;0.3305762069800833
69046;0.7750698575293423
602576;0.7122327207687459
602576;0.8657793641553173
913708;0.2837873499059532
913708;0.6162892754792559
908965;0.016577084672338316
908965;0.7839681023005872
54558;0.5650771107100291
54558;0.5704151096036593
928950;0.2995601823163583
928950;0.4236450752285408
696375;0.017326100105273246
696375;0.5617925902059633
374120;0.5283540486394024
374120;0.48209615140470374
778310;0.2983588193657932
778310;0.06707429332244674
436869;0.952824466671055
436869;0.9141770725273989
893506;0.712334346379199
893506;0.07976975755299587
123135;0.7002823871449854
123135;0.8267954719383718
682344;0.6826085357478272
682344;0.5763233813983244
753776;0.8357255543581512
753776;0.06203818828324725
472633;0.03365729546596408
472633;0.4316636542069817
228842;0.04951316086161073
228842;0.8130489655419343
728201;0.1400514821709712
728201;0.07363341756921005
740696;0.05659034374311678
740696;0.7674079075025906
92498;0.12037970889445115
92498;0.7900397701070989
78367;0.945553755787296
78367;0.0918220208296695
121206;0.9381531892392114
121206;0.882976981968379
115679;0.7202374351459537
115679;0.7502579405991798
984984;0.8997829631531775
984984;0.43549646666335995
449335;0.29483238227636444
449335;0.09428308255474038
115518;0.4970991430777617
115518;0.25132274915176356
897978;0.32126233142499927
897978;0.12126753116190381
255921;0.39796655520427926
255921;0.006457144307176477
452886;0.9936839978353753
452886;0.8898728212517435
911341;0.2998249013515608
911341;0.22068845418373295
861435;0.31247239581522857
861435;0.026045247658298853
526403;0.013766859487601368
526403;0.9703116313241766
606268;0.3166022931813388
606268;0.5192801165884361
103170;0.3555369012186054
103170;0.7271842660123853
437611;0.9657060659068677
437611;0.02596319086267207
344872;0.04114430314523976
344872;0.2469539367895489
59269;0.6005313003573713
59269;0.9313569945513693
662887;0.31802843113988166
662887;0.07802185342363821
71838;0.8927722818753607
71838;0.10785237460007702
58063;0.78352358656467
58063;0.25868051841406736
34877;0.9742725304953631
34877;0.38254475915933306
249079;0.708753557141812
249079;0.11163562769827973
816442;0.6999050315321618
816442;0.8218987967034888
976406;0.9608552398252513
976406;0.8142421902049751
488557;0.41449179871065067
488557;0.700872534199541
208195;0.07296617175155351
208195;0.013224619542802407
708358;0.20425460733284317
708358;0.898409191875307
422244;0.23382204073078217
422244;0.7847494340657226
205422;0.07022130786098635
205422;0.47020765294511635
297894;0.5085612605868688
297894;0.617637266708844
749100;0.20794379136290064
749100;0.44293863896178
318128;0.9452327346758579
318128;0.9720300515934038
154624;0.5352417931746382
154624;0.34765281486275934
355549;0.2921209276302962
355549;0.8636459150487186
716018;0.555624628771598
716018;0.508012302570283
587962;0.6297336572309028
587962;0.5280834554103141
625540;0.5641263499550538
625540;0.9189901673782448
656259;0.997043763542283
656259;0.0675068379771323
56930;0.04827422529281211
56930;0.8358821760543514
477839;0.8637347039918225
477839;0.10410552388250527
469604;0.9394695822493057
469604;0.5711940996324999
364383;0.5384739338588
364383;0.0859231148440408
237823;0.6417620543800114
237823;0.901238184583887
804574;0.7932317254409994
804574;0.6004585967580126
676592;0.4795608299547123
676592;0.43071745052829946
787334;0.32390327737270175
787334;0.33114899656713825
715375;0.937976704874041
715375;0.15079599360660656
173532;0.30798862789339343
173532;0.6138036346320991
971664;0.8659081021866032
971664;0.2708746976540247
326906;0.7452596718203265
326906;0.6167244696282826
329009;0.5644532258638493
329009;0.9967779435055699
52581;0.18474114622022075
52581;0.8349704367122014
322637;0.23650312683568175
322637;0.3418106391951625
119456;0.06675649994743948
119456;0.66452788710023
835125;0.6968980184490355
835125;0.5691506309392546
476075;0.26574788297760543
476075;0.8452549990929871
155117;0.49352292887277327
155117;0.9092952840558571
595180;0.5030470139200289
595180;0.4832133384849491
263358;0.20032123176074612
263358;0.7185352428429214
285366;0.2698080351103954
285366;0.2337010579352622
591767;0.8975294451522962
591767;0.3781967407497223
477567;0.22470293383413587
477567;0.3456254775418893
11443;0.8307637675956027
11443;0.16332504124979141
132735;0.726768569805095
132735;0.2775861626825946
32599;0.6555444630990342
32599;0.24814772348811776
259006;0.8805670916377161
259006;0.3712808724792719
898109;0.9431054561406506
898109;0.5694010705676202
360672;0.7359793708659867
360672;0.7394860110828253
470891;0.2521591907252331
470891;0.09081495660867533
418885;0.4380280744657098
418885;0.8947011971823338
38879;0.5192839582060514
38879;0.3391229124927947
218282;0.2968618524165779
218282;0.5704739875577368
686289;0.6069520474406233
686289;0.6465607002864853
165705;0.04410375325379523
165705;0.8781912389400179
339271;0.1695358279640884
339271;0.9279606258949583
407825;0.8537577549206887
407825;0.38731540390071817
315602;0.2671979633296955
315602;0.5779108509556637
189400;0.8869109524922482
189400;0.6246696806114895
1414;0.1678195542282963
1414;0.3192843301167141
571446;0.16355065506547217
571446;0.47037548774838367
270678;0.5149579675772309
270678;0.9682935618348714
737845;0.8178648559309785
737845;0.6929279572583538
733481;0.32026433533002163
733481;0.6226644320636697
148312;0.12974092616753874
148312;0.8231277137430888
329974;0.6501475180664141
329974;0.8762110636413724
134534;0.8544466158825836
134534;0.5022729958505245
420615;0.475589960315559
420615;0.8816953907273488
578789;0.004630081710550904
578789;0.5151700457330484
266705;0.6524836406781902
266705;0.8630301816426297
587778;0.3903373608669334
587778;0.7245617699819221
387443;0.9056543368527378
387443;0.7439501399412832
2195;0.3287008669988385
2195;0.3083385001331771
336026;0.19787781111384772
336026;0.11330182152179546
621999;0.2892917012029451
621999;0.1517225346168133
320150;0.11399379950286037
320150;0.3881590187078049
29773;0.7046426022980182
29773;0.17037481618306327
480898;0.3483010394663676
480898;0.730321942797684
155684;0.6599001454150764
155684;0.25481509254984624
302;0.31566508005190563
302;0.8860576564836532
9942;0.4935295573385242
9942;0.06794756513430489
672012;0.7052098689291987
672012;0.21183781217457343
233110;0.23385685449907745
233110;0.8241471384348134
30439;0.6924521158066925
30439;0.2721987789252376
892134;0.3846881440963327
892134;0.3604628337544348
270620;0.2661279474658246
270620;0.9111772331583334
474733;0.7749264220522553
474733;0.1996046606358599
71020;0.44668757357008726
71020;0.018193768405708965
441033;0.46540388381974074
441033;0.706366370481255
873320;0.6112861479790821
873320;0.39337673001603624
37190;0.6328208027738573
37190;0.8903378640827676
415121;0.6192844430245544
415121;0.7978202867556934
472153;0.9556222975201115
472153;0.9143321656088566
991434;0.5479424789956615
991434;0.5966627761196115
881110;0.7403978079338925
881110;0.10399887144902076
717215;0.9224009013896125
717215;0.8774693842209774
