185010;0.3665547802074107
185010;0.6475667337557407
46082;0.06851898696264391
46082;0.7905058802292072
809056;0.10387465168695997
809056;0.5731201697696746
85810;0.6526217171475296
85810;0.6731034419065262
775438;0.7180577726584794
775438;0.4310414622827633
71872;0.03956206667578532
71872;0.024817732597649855
755395;0.20543262624965974
755395;0.7949903900627462
844593;0.16282180660523637
844593;0.5819716597841311
954064;0.9810367392819943
954064;0.849461624620561
911272;0.43510833872997656
911272;0.52860443170885
762807;0.7618148121809775
762807;0.5116301336569418
842394;0.3416036080582542
842394;0.5493993688309472
193912;0.8643726915056668
193912;0.37119296551264036
341917;0.5127985724929971
341917;0.1507187921950517
216499;0.17100943879314756
216499;0.24153852680010268
444008;0.07787272027981273
444008;0.8227698794319785
525171;0.9326068775873734
525171;0.7291394864197782
625242;0.9564777903806924
625242;0.3797297052407118
955826;0.1556282721862966
955826;0.06096654331724782
810130;0.6863884553667225
810130;0.9296425184948325
226185;0.7778502227013261
226185;0.05205895500151014
703758;0.18919210220595573
703758;0.16780440723380652
341904;0.9957404494464746
341904;0.4273462192288391
845534;0.1781310929451485
845534;0.4715919094431462
804269;0.4492576498882396
804269;0.548657791206333
292758;0.5806984023531215
292758;0.5228943659948511
375840;0.10638943828713543
375840;0.4613650997939547
111711;0.02030714293000002
111711;0.057056764316300135
869729;0.2371965346988174
869729;0.5765634112771756
336905;0.5207647831896101
336905;0.8701233703494856
921543;0.4848795494944438
921543;0.07015373416041482
735790;0.5783029563730329
735790;0.6601014765173157
563981;0.6568100080644986
563981;0.4272970865026763
249946;0.6418637634435984
249946;0.40167768899207756
601111;0.4482257067934182
601111;0.4658264764775327
132467;0.43656771289162033
132467;0.7574904270198163
846368;0.4459342194114896
846368;0.3175829550739694
870900;0.38927288448947794
870900;0.8132536215080288
399491;0.4669765952022683
399491;0.1560110395615566
424536;0.7889515206798023
424536;0.26923034956604375
852812;0.8215068665844117
852812;0.4676635094224485
606913;0.10612901600849389
606913;0.3267147391462565
494976;0.9857393790703173
494976;0.41917712449725897
845070;0.6031281144649377
845070;0.6904951566549686
672747;0.374731657819547
672747;0.8271628655503686
852415;0.9060526430119937
852415;0.19109001508224932
206184;0.3998460012680003
206184;0.9247091696141301
813706;0.7943885960543865
813706;0.32442764802552704
687967;0.18161569463019256
687967;0.5087270510226972
815085;0.19301291975289292
815085;0.5777702218792415
869412;0.9378097141477558
869412;0.5473960875707395
602631;0.013013121524523164
602631;0.06666805659045594
18215;0.6360036077434436
18215;0.30899781374140867
325616;0.3271447620585567
325616;0.5710738464266449
963832;0.6074338076452817
963832;0.8546844400440253
427744;0.612057742742582
427744;0.8938601494298192
949421;0.006977863879690016
949421;0.744543861406796
244414;0.3434939056009838
244414;0.05562202300981178
586787;0.5280082564475749
586787;0.30022134127944666
289813;0.4812452525389106
289813;0.18593356962926377
854622;0.23209850986127178
854622;0.2166246002405221
375113;0.38783709234684516
375113;0.803467448060569
791109;0.4595747099228692
791109;0.9355557819584631
705292;0.6775444916695563
705292;0.46146772552093573
276201;0.10321973330147993
276201;0.976295917329806
828624;0.10247252126589457
828624;0.4264792160498003
489496;0.9116299342059717
489496;0.477020109089325
156874;0.2014931484601048
156874;0.7605904558392017
902646;0.27785230018848117
902646;0.017210439173370395
326404;0.7556627608459442
326404;0.8433508698758445
577705;0.5239012949829914
577705;0.6733745324946466
220137;0.02509238295398153
220137;0.5458824297143642
458540;0.7282261808165036
458540;0.464141705775594
797924;0.6212619021006817
797924;0.970995530979201
843380;0.6189851325840626
843380;0.05641857454597132
6242;0.3091397825998117
6242;0.18264282333983695
204591;0.41012224834673083
204591;0.15218166530706545
844834;0.0655455237552679
844834;0.921417174759119
763741;0.9592368349417186
763741;0.5098462027648698
735000;0.9877058808650676
735000;0.39499431074456226
273258;0.10262626491141036
273258;0.07210511656740559
987319;0.41600495730415243
987319;0.08313236590848583
870083;0.648329835226928
870083;0.4445121108910055
971484;0.892014436741283
971484;0.923320472772876
324894;0.2531353817304429
324894;0.3063390408326452
294953;0.12440764605247279
294953;0.5555264271813499
158840;0.8210010430675108
158840;0.8767921249375367
475709;0.4276239423177276
475709;0.6430802480786042
883000;0.5742639911924496
883000;0.2345032664673895
148212;0.3057137080248451
148212;0.6402281399089773
442480;0.8552731677889975
442480;0.987485641288553
348244;0.1707211297081661
348244;0.5287500749128857
815297;0.7445305902005129
815297;0.014381963622172034
526443;0.7911256910776964
526443;0.2744619857217455
114876;0.4205609873710545
114876;0.43930359072194214
394972;0.39458188459981525
394972;0.9494372569554448
245407;0.6998503673221655
245407;0.3580543799801894
754937;0.42819213135334977
754937;0.43660423390707104
728723;0.5479715313940922
728723;0.7589227732926821
3117;0.359484357271177
3117;0.2593144076146283
769075;0.5100010928421526
769075;0.08418790538183718
114047;0.7360528698686905
114047;0.5756894351804112
774520;0.4619277776963837
774520;0.5607199280457006
159213;0.32109566602926254
159213;0.3651900596766835
489913;0.2739667326273968
489913;0.8971433331635114
168495;0.02191813818397126
168495;0.3259935240420654
401498;0.32971452197461193
401498;0.16581643902753285
349366;0.27585925670784994
349366;0.3459370029333442
11803;0.6199822079772285
11803;0.32712774422380164
738;0.049564945507845404
738;0.799833845318903
566952;0.02511911788195187
566952;0.5949163997487775
2993;0.6184425436101707
2993;0.5040688235875203
329241;0.2946181636623544
329241;0.06550997892177957
733973;0.867927000560123
733973;0.6078745639744868
30120;0.718638314303157
30120;0.08099318447974146
361209;0.8907091267176365
361209;0.8677624769192728
113037;0.1928430076762685
113037;0.4928724071502889
758921;0.9566505062668439
758921;0.3108168841253576
379039;0.8591993913470815
379039;0.40902458315583035
55338;0.5648062467447982
55338;0.07109278909847494
77541;0.6999133504158255
77541;0.23608239248158214
442733;0.305445288329107
442733;0.7622960989034034
325024;0.5731029564743494
325024;0.2680273971472127
36794;0.11276586057202309
36794;0.6881846895382487
201547;0.8157709132590419
201547;0.7755859680374803
908559;0.2924044813357328
908559;0.5713987455099853
196641;0.9402616912960062
196641;0.16791193275754046
114595;0.7583495323738482
114595;0.2713656727868744
716015;0.3213313276530072
716015;0.4497898676050992
303656;0.17775457162611308
303656;0.5764877176246062
839328;0.8621726912930763
839328;0.21881561620074652
160523;0.4913174019288442
160523;0.8282910493586398
555381;0.6543047163661856
555381;0.20399163566500766
424507;0.6330649280036263
424507;0.4687205042036029
796845;0.8626124794586286
796845;0.14067107544043556
127895;0.19836528449116653
127895;0.5733131941982537
990181;0.09506135538013105
990181;0.3328573490681691
858104;0.27243634522777926
858104;0.5302194529542755
38192;0.5875318993894603
38192;0.334112340007619
617270;0.7654139705593076
617270;0.46506819755147244
669483;0.5456760592879999
669483;0.6117784603134556
500984;0.8410914972778585
500984;0.9119375575996731
396024;0.7267014688903869
396024;0.7405029729817229
180526;0.7165785896069528
180526;0.06150315855585109
268801;0.44113099689819146
268801;0.9787990017448662
95919;0.7774415095966328
95919;0.1355228523167077
62663;0.6005827561410044
62663;0.8281966045269769
464606;0.36972676424883366
464606;0.32147787577474696
387178;0.6204355133727941
387178;0.4937036249683806
688020;0.7331590806362124
688020;0.39839852340809445
496514;0.1653600956972796
496514;0.01444433417887625
874173;0.5192988499141843
874173;0.25491120059370787
97768;0.8921347229540465
97768;0.8385617429462727
737085;0.378076746292876
737085;0.7680720563129445
873945;0.36886226544912737
873945;0.1052263161207414
919815;0.6591906794304838
919815;0.578330960694297
773491;0.6432832431870404
773491;0.3844392544244337
185383;0.008743611846421584
185383;0.8103548780414164
819436;0.17605794304606215
819436;0.22243734770690482
25407;0.8219069852084216
25407;0.2863262853879227
526658;0.06097206129487931
526658;0.360012054765278
703048;0.9067824119221143
703048;0.02461834137522534
821706;0.905715980806909
821706;0.08097399976922226
807167;0.989962143670018
807167;0.7796853384575431
587720;0.6761557655006581
587720;0.9385923788683622
15912;0.27956122254919435
15912;0.1375401684749773
338392;0.6247981978035674
338392;0.446063158328761
560299;0.1325106062485042
560299;0.4023889554359438
490146;0.05046085640103504
490146;0.18572115216124685
167156;0.11233679909875804
167156;0.7266118557604936
374664;0.18768591207599594
374664;0.8766083014578654
645058;0.6778725681665365
645058;0.442534376482274
625955;0.5879433111046809
625955;0.5341426067226157
554800;0.4105340782771524
554800;0.6084078892107869
664147;0.8152507497476599
664147;0.09939348158288397
629131;0.5855005829847572
629131;0.008786891898936111
450450;0.6260872331423051
450450;0.2853142890575151
271535;0.02003617077195763
271535;0.690421303027809
388290;0.6545081268577572
388290;0.6680046193918613
529040;0.25504277479355
529040;0.21096408405130174
671889;0.10795700095166272
671889;0.639627624811323
174648;0.4538482344043303
174648;0.6475035728060089
26561;0.10671408200170829
26561;0.03679471399990297
948994;0.5179117784029061
948994;0.7375936709161303
197633;0.41181148560139713
197633;0.6170709356267028
969138;0.05986226911179682
969138;0.9398833403594898
238812;0.03363107259485287
238812;0.32144446877866895
401007;0.7898803506489259
401007;0.38772033235396985
372997;0.6881734261200342
372997;0.48185407614598674
594667;0.14133906906751825
594667;0.6418499053728784
363513;0.8763149704862131
363513;0.4013955444742324
58607;0.8726077580279867
58607;0.8112182586938217
346444;0.6733769969360559
346444;0.49364873756281136
933941;0.13015538679903782
933941;0.38076247920321016
953471;invalid_value
953471;0.6648046430158109
674728;0.410910283296393
674728;0.8355925186748048
369352;0.10512628643099986
369352;0.2465974771912648
798433;0.7119302067060697
798433;0.29574460815612846
688372;0.6652861796101233
688372;0.5977202544798216
147658;0.796729879442753
147658;0.5650314601320228
712994;0.6454373541671876
712994;0.8669253947296164
480863;0.5347476011178912
480863;0.482832062278999
855393;0.4743267014220024
855393;0.5430612558224777
148018;0.610240202261261
148018;0.8810969425002212
148000;0.7397950438767095
148000;0.17688927745996896
607109;0.10990045494514111
607109;0.6094177311294356
306273;0.7339306499220836
306273;0.9844636053103502
704911;0.023693547792986602
704911;0.9868723891690474
221524;0.1683103968743448
221524;0.992801689869622
214264;0.20017345293563504
214264;0.47833345878696143
183631;0.23901002907647229
183631;0.9578541628646653
329298;0.10122180900760935
329298;0.6109236970615204
230467;0.7620719296243637
230467;0.14296634338560144
26030;0.9093691745867598
26030;0.456361508299747
331918;0.21326357362039539
331918;0.6134165310853218
202513;0.2941677528277251
202513;0.8557126137233138
637204;0.44840629043692504
637204;0.2648805021581344
706096;0.49299401290776157
706096;0.3124858903781763
857582;0.020519719105841827
857582;0.457485785174341
253448;0.4512812209310926
253448;0.0692616851597222
171894;0.4858826637740158
171894;0.40821432680208836
924794;0.1268332214578265
924794;0.7697430939122497
68797;0.9530227910155926
68797;0.6186670266551829
853412;0.6129629488246217
853412;0.9119870182289423
978142;0.36978395169249023
978142;0.7285480028310349
930261;0.4604455150008524
930261;0.1203466535064972
142352;0.5106954595571123
142352;0.6995099979643328
216975;0.017365821326551956
216975;0.41480171485698447
260105;0.8438430158321415
260105;0.3945599083883853
141142;0.9119464219761223
141142;0.8083173508742523
818186;0.10045317908794849
818186;0.7553059731207883
770193;0.9829816311461083
770193;0.09727324787546276
755616;0.5870313669517074
755616;0.2703146173884736
570260;0.16327847316199262
570260;0.2981765827909687
806610;0.21808543997072605
806610;0.8595355148277906
39192;0.12896287942019014
39192;0.033419681751020835
865263;0.26402554648796095
865263;0.7418407179386645
632772;0.1880475911066215
632772;0.4746613396760385
595569;0.17996889668542038
595569;0.8274258805722277
692538;0.5093500882967885
692538;0.18125979643249068
970908;0.5975761148098695
970908;0.4409515535118026
597441;0.7115948871377712
597441;0.8464215708745064
444114;0.7371263605968104
444114;0.11973354546252157
803546;0.9928797020458342
803546;0.5453044817781376
458871;0.04912801142423362
458871;0.85790199295935
242353;0.46338104538990443
242353;0.5716738260230135
369463;0.2791642713629119
369463;0.02599691776858626
770544;0.5734369546331232
770544;0.9830351926987585
180828;0.17471085025699473
180828;0.9550637024602839
527463;0.9622624298345074
527463;0.2746479251779407
498362;0.3848942588861739
498362;0.990973906994175
39330;0.47364643132097217
39330;0.34494042083051824
246675;0.17130721415504513
246675;0.8860900052997585
788196;0.032081759151764366
788196;0.9630008720301118
793966;0.11945986184852775
793966;0.7037060702132348
276716;0.6038652286917144
276716;0.42989863432275666
630764;0.6467581897112415
630764;0.1264971659128602
986705;0.3945369557821433
986705;0.3232239655923407
512215;0.23078107426253536
512215;0.13307107555618092
262332;0.8510868967702776
262332;0.8077326715842718
320313;0.6087891902986355
320313;0.5086026383976033
797402;0.5528803146799949
797402;0.5385282277288292
951635;0.5620722220123435
951635;0.3506537877752661
107702;0.9827516708029752
107702;0.0388731459642514
17310;0.2065904843233124
17310;0.09812901946411956
599309;invalid_value
599309;0.5179099593692277
526998;0.005725385656163762
526998;0.9340418457739702
703885;0.8635564143099663
703885;0.5906148988508026
691558;0.5231026679224091
691558;0.29362810229920433
179143;0.6070248670863184
179143;0.9977690674508051
50919;0.24236515183836815
50919;0.8823704060966151
536512;0.3746347891467179
536512;0.3558204560785948
21422;0.6883036520333584
21422;0.9035374126825602
773132;0.6325339549749944
773132;0.7951257576249796
77654;0.8831667010444715
77654;0.7882551714369791
320073;0.022969662314143324
320073;0.36817829505113153
819442;0.17201999241405508
819442;0.7367238474133535
831239;0.4734678453265022
831239;0.05941167819061277
971014;0.7844615068857757
971014;0.5984067493520792
50391;0.5446683109305389
50391;0.5400545048417409
738713;0.44188106421724827
738713;0.07650517373880517
386851;0.49532247296654075
386851;0.43476521432339266
758102;0.15667531615375552
758102;0.8377844399567307
862531;0.16941500165624535
862531;0.9460277469539219
528323;0.29639055591377084
528323;0.17098958830022215
189967;0.48309675250462025
189967;0.4905396173510972
107360;0.3164370321377945
107360;0.9439169025359102
301440;0.7401671444304522
301440;0.29288142700969655
758392;0.07561279434046264
758392;0.38166579638328424
680370;0.6728433997840513
680370;0.6565265945135645
655203;0.9068894879714715
655203;0.37875057833051373
351730;0.6209964652701347
351730;0.36245919674745486
887962;0.669713770290746
887962;0.7772495360075191
663480;0.9990269225666203
663480;0.5284906390533373
794028;0.4285729007722673
794028;0.2718369187343105
504795;0.3925499778077176
504795;0.2255304958086417
972437;0.1580407823725476
972437;0.9577506491670391
887675;0.42038421023311023
887675;0.9544579469078686
784789;0.27490068212389107
784789;0.7366203190834016
557624;0.4954499740845413
557624;0.45236148327117043
557615;0.47876261606533577
557615;0.2770047918453217
801868;0.16248918760532627
801868;0.08852325007169703
763150;0.9073399531172736
763150;0.9352812328797299
151566;0.13467320059077093
151566;0.379715032303624
548516;0.5553393881866384
548516;0.8219989878715608
227295;0.7923072584333887
227295;0.25247126769333084
740227;0.24993356077125717
740227;0.38714287942582204
594612;0.7219154205401949
594612;0.6734027587002185
97663;0.7844865031630383
97663;0.41292200005254964
525801;0.6114242590322946
525801;0.26183874181887346
791432;0.6488662585574324
791432;0.09327500459245452
375011;0.19203440172367692
375011;0.7346615609287124
235760;0.14206917903120608
235760;0.6265842565073997
461571;0.766349530069836
461571;0.8565731772084736
706826;0.33807305911202656
706826;0.37055820581821663
48406;0.33958374723534057
48406;0.08939254741463099
84925;0.8992251287736615
84925;0.3117990740983875
100348;0.2132919363130935
100348;0.7193615011242943
105733;0.6831178109454951
105733;0.9687971169549819
961469;0.2727549960589267
961469;0.23082119977894378
26021;0.6188386390068561
26021;0.5420598565407866
50787;0.8679953973709209
50787;0.4388958034207947
937922;0.7189032826142218
937922;0.012572617172269318
680054;0.7476770699719315
680054;0.10136965148763954
993086;0.6539669854949836
993086;0.3879089163986593
433162;0.6809206919124902
433162;0.3336516663600426
90781;0.4594160323092221
90781;0.4486613238641286
206163;0.8380828019308263
206163;0.07872196229664485
129950;0.8419726916363834
129950;0.7753869862697572
82524;0.9373057325945808
82524;0.8230411610438334
539556;0.06775790445907448
539556;0.26648681472715197
712329;0.6565900605687256
712329;0.050942995532928914
663654;0.7085232561886667
663654;0.5147651870632407
464792;0.578382704355838
464792;0.7733629588914478
131403;0.020435343519048077
131403;0.36950782678600924
329093;0.04933534651074978
329093;0.7352672415642754
642244;0.2177013972439783
642244;0.6744314799860704
330548;0.4111396167554734
330548;0.6253474783023197
498637;0.4450061923951282
498637;0.2782605148576024
185088;0.2991295619299611
185088;0.1512207834801308
600834;0.13597669228018017
600834;0.33687898347618095
386375;0.4375908205316109
386375;0.05163551941689459
909221;0.9561814223361557
909221;0.9092351541867074
527203;0.3759278683348427
527203;0.73729423244416
328108;0.6258086327382542
328108;0.8352744769647917
67944;0.5373508918162017
67944;0.7844395452941769
550795;0.10662283844811427
550795;0.41430597436867755
146168;0.48658660106327367
146168;0.8016120356617301
546087;0.21105396057948655
546087;0.004335751927151743
770860;0.20303666959871314
770860;0.5222003027897911
5876;0.42803616113997445
5876;0.833488908194947
199452;0.6492168187609959
199452;0.21322808332722487
342064;0.8019488240545013
342064;0.4902209080988691
423172;0.6236755346370694
423172;0.7635928517870052
221796;0.3904063494746304
221796;0.9709167218215189
765320;0.4678866212970517
765320;0.5738308210471956
349295;0.3382308112774225
349295;0.5556893789412292
620329;0.9975559187167498
620329;0.3523180049330551
742881;0.12286381261387647
742881;0.23173857938536624
992479;0.4561811840837292
992479;0.4605522140713352
385717;0.8968350261613425
385717;0.6592259643448025
723793;0.6153526052797684
723793;0.8610808621284779
125266;0.7614271285887335
125266;0.7244209868220455
926779;0.6511684043546948
926779;0.4267631564154588
49344;0.4725509782113987
49344;0.14959933843623707
372021;0.16956052871018235
372021;0.15882772260572664
392907;0.9865139495141866
392907;0.3304385599287396
541403;0.07556397908908041
541403;0.7630856514635173
464663;0.6361927525007711
464663;0.5540184137073386
736831;0.18565357200641064
736831;0.8251420972956877
717369;0.15262426327136325
717369;0.5309585544842854
382935;0.2762936551841241
382935;0.04142616595403681
190924;0.17231361391048494
190924;0.06225519146008185
646736;0.6786367058447252
646736;0.2740371192862464
178303;0.400998320352706
178303;0.9016533403332802
813665;0.19946472930129278
813665;0.9139851628918555
200104;0.8773325365226096
200104;0.7594334641251729
598477;0.0518909071416257
598477;0.006123843588841993
390016;0.5644639270502442
390016;0.14337114390611883
280155;0.12227792891553746
280155;0.09586027267722086
986038;0.824875246158515
986038;0.46451067694835724
718029;0.7932900035685663
718029;0.006969700334942042
443184;0.7239638299431497
443184;0.16600351357144005
727877;0.2674583272018526
727877;0.8650443920826092
975556;0.019271974517775625
975556;0.5427148598941427
457089;0.5520359940322298
457089;0.849615964550345
430401;0.36220091670201326
430401;0.8109823092555175
399690;0.9302844865903658
399690;0.8586279185878108
308910;0.32619137852816293
308910;0.7398851617493802
558830;0.6401256701969255
558830;0.02564081630396875
638406;0.8820939618168722
638406;0.12276048342220636
446566;0.7045082065925141
446566;0.2775183783175277
438713;0.6226852090713797
438713;0.6494917910041987
397066;0.24251123269637953
397066;0.3260547411080663
749930;0.7685208735176342
749930;0.8601717930843968
340665;0.5572819172986918
340665;0.3918622015005858
939430;0.1811499154416193
939430;0.1529318960962418
112230;0.12097647332434258
112230;0.0033381306992202875
683429;0.9602733003804841
683429;0.6264543378349215
615431;0.061068439949755415
615431;0.12786254753413584
367812;0.5904764619489756
367812;0.4217012259172497
82759;0.23074537579532484
82759;0.23442987579142982
630882;0.17122557596067423
630882;0.568356073740806
932830;0.1113609709373432
932830;0.7161160639460182
81925;0.33475693372558335
81925;0.782012948040553
868300;0.013753268986247513
868300;0.07107545035208873
340650;0.6513286688998934
340650;0.6815039642438129
770528;0.3545889276927153
770528;0.3613430538580459
785196;0.06756877823034846
785196;0.7753429476384278
972068;0.7882649555578906
972068;0.7968039956606046
9716;0.004687816423112889
9716;0.14984343724611782
824818;0.9830645478131417
824818;0.4136867340848829
68078;0.9360114341324612
68078;0.5080569601621822
664786;0.2208760864792304
664786;0.9730047179404838
877485;0.37683352085681043
877485;0.6917864461871496
49983;0.43098894243017716
49983;0.5508988140335833
461634;0.11590311341408432
461634;0.13744605188070858
281024;0.3186193651312217
281024;0.8795062446779883
357056;0.19609314539609812
357056;0.7504866364429261
475072;0.6037388224950524
475072;0.6910458918379917
518219;0.968426087217053
518219;0.21795555204703043
669731;0.28978768717303605
669731;0.16431248450275793
246233;0.5604134803847169
246233;0.03685211728069282
843951;0.18662665029035796
843951;0.9350647706759331
906267;0.46640863820827494
906267;0.6941536660530279
975309;0.542931881287317
975309;0.7037085167718367
573335;0.6263121205222405
573335;0.41479893876645524
424250;0.6358515598015144
424250;0.3381535568246613
333104;0.9024196903561822
333104;0.7787669580911303
817953;0.8250059773837841
817953;0.7345909313990098
973834;0.030487665911114625
973834;0.4089509067954171
804400;0.5482150081992786
804400;0.8046087621698356
455342;0.7508328341964813
455342;0.20047798349465584
167680;0.7099574190421699
167680;0.8971480766706982
591482;0.034807118195085085
591482;0.40639824909386024
924875;0.39837103515724936
924875;0.33174215515884986
935052;0.505347881155876
935052;0.1874576980440189
891416;0.18682240977203468
891416;0.6755412445525204
815389;0.6024254675130141
815389;0.9560805677234891
970606;0.15632011882885066
970606;0.8719106144692899
315035;0.3826442415022646
315035;0.006630562597372047
156078;0.8218572714674495
156078;0.39011810649132783
903666;0.14878258079058515
903666;0.10310082759509787
118813;0.5592859702422147
118813;0.5854791976492751
313000;0.07688793797857729
313000;0.03058778622634417
704506;0.06483534530261592
704506;0.22518820656370997
943386;0.8576779840113985
943386;0.20474872844392988
781855;0.9468499105056668
781855;0.13270089475275826
11221;0.9724925071013717
11221;0.7428555708178807
78637;0.409345496574992
78637;0.4288447288769348
870484;0.71496853659114
870484;0.07036411373711093
284699;0.595724912469942
284699;0.6103214350478487
728976;0.31327663990687304
728976;0.2764341748123136
735372;0.4000706915705866
735372;0.6846360232550647
70611;0.9821515031301595
70611;0.38772353196774945
767016;0.5618463131645024
767016;0.8728163611066471
558065;0.048929763238951374
558065;0.7933591075313081
606018;0.39212998573190894
606018;0.47950613243455364
82347;0.226597021197246
82347;0.3962836227354354
812167;0.4444157192366869
812167;0.3605572484147711
871578;0.3477645396452629
871578;0.7400233486335756
47046;0.716078114649973
47046;0.15207306222306338
686386;0.3781197518071604
686386;0.6847342490455526
986216;0.8467588078376236
986216;0.40230124578687654
897097;0.7198069079714924
897097;0.9258432419733927
877126;0.7234726610767254
877126;0.0411282733953936
706306;0.03620098704003483
706306;0.659815941661487
232735;0.7912292205125981
232735;0.2687891036716955
655459;0.3174378229472917
655459;0.040897851862491064
171207;0.41890445954060607
171207;0.3625492232902311
21447;0.09444035535978657
21447;0.6321223884720114
216107;0.8475474990906647
216107;0.7189292737356471
189535;0.44393546149514707
189535;0.07472617793660752
371891;0.013527263170245218
371891;0.08108534762043951
490067;0.7974527413315156
490067;0.002293757886282388
935539;0.3365740336474117
935539;0.9745859513496494
182541;0.35055100846186216
182541;0.48023146851482734
663067;0.03813946338202945
663067;0.8534334223940537
552664;0.5863731514107461
552664;0.5427511256778198
465178;0.7760467566232017
465178;0.3782239620630943
379491;0.8281303308380559
379491;0.8639960657653858
316416;0.9652019571616892
316416;0.584407657550579
778975;0.36044005071718743
778975;0.2153710557885674
934297;0.6095897076167197
934297;0.08470525055341493
761524;0.4133140004766407
761524;0.8847065828739176
95555;0.4207687508624066
95555;0.029068103794935185
464869;0.3437665063567652
464869;0.276075752818287
229503;0.6331972984456676
229503;0.8664411241461266
47976;0.5221365578509352
47976;0.853180658584048
107110;0.4970525031870623
107110;0.43883242528185284
64991;0.8137550793642099
64991;0.73564913260609
204771;0.21559418415267662
204771;0.02125705656794863
918093;0.8347578160360258
918093;0.8524252004593588
394543;0.9772856457641214
394543;0.030242218363193185
232417;0.4194818855165007
232417;0.5061528374016245
348796;0.5671367843165402
348796;0.035663363572385864
716827;0.5075329831266053
716827;0.31200528703142716
602558;0.8043248381244852
602558;0.48566552386302475
98037;0.49913978407606174
98037;0.4714316611373012
655756;0.9232564142952254
655756;0.9678308032706439
609770;0.5466195195353296
609770;0.0272561442393201
366310;0.16109644617665242
366310;0.9573659619108017
253199;0.587178895567959
253199;0.26803233023207695
335050;0.6329967021087558
335050;0.6258674436981857
117671;0.9700935413436004
117671;0.6836399583438656
177217;0.12542136547163785
177217;0.8651883060718536
419419;0.8475320529381053
419419;0.8865976901795569
582105;0.7703756865602629
582105;0.27341260646129095
230774;0.009441222384763415
230774;0.03438165043034491
752358;0.04782204861727046
752358;0.5678242175491615
857186;0.02069628690181413
857186;0.9691343619904075
337538;0.055818815148699796
337538;0.834113736605058
221894;0.48755534293706493
221894;0.2758913742550789
740854;0.7391650085240108
740854;0.9524208378442302
633106;0.41498959769723964
633106;0.9757118430054369
798278;0.554470742019799
798278;0.8502039500816182
280439;0.8478346790912817
280439;0.37176557060539017
440559;0.7959683218731926
440559;0.4292687493033386
437799;0.9339281247250928
437799;0.3859398903307888
33655;0.29111924697028657
33655;0.3689782419328541
576432;0.7388162172233562
576432;0.8318521259093111
870110;0.9767199934889294
870110;0.15174052645534497
310783;0.32486558838921
310783;0.3853729009402127
174254;0.02763321111813699
174254;0.009660080601414212
230723;0.26267001243603527
230723;0.5147193551540754
698036;0.9348107520487067
698036;0.3421042526681388
804207;0.6054550464446107
804207;0.9991668740354333
864904;0.02286154098115989
864904;0.9338088372075897
828250;0.9681319229586692
828250;0.3670154358557486
659140;0.1850158901088218
659140;0.8533573980096301
703811;0.47856254741678683
703811;0.09020835597396404
450176;0.15552124223908925
450176;0.8211982542030334
588876;0.6432478753818363
588876;0.8835930096492828
645342;0.28295000619347677
645342;0.1945394516063439
645082;0.3073115560518753
645082;0.7232109523565283
605459;0.4245768743443873
605459;0.8586931058920143
286357;0.5150429630733289
286357;0.5718766021891905
987786;0.3486995718154847
987786;0.30355338496553297
736743;0.9373076323232051
736743;0.7067866440673798
904356;0.23814415995016902
904356;0.2633977102000704
26712;0.6752264732430452
26712;0.7160922519531808
902126;0.6971175358450252
902126;0.45358970623425976
106959;0.9639749741402762
106959;0.1863945099473665
538263;0.10000062872699023
538263;0.08355403455367394
288803;0.1297336993856959
288803;0.9258928938298123
149970;0.1271008172174969
149970;0.14551079469130435
108459;0.0742061052862405
108459;0.20049617933876784
942;0.006168566697253075
942;0.913399319449738
437869;0.8792091438410921
437869;0.9926031241976804
808817;0.35980418389352564
808817;0.9939265906681038
660497;0.5722945269661189
660497;0.7701145053736488
364265;0.6724345971131439
364265;0.745904849782101
904941;0.4962796559234772
904941;0.24581483332477516
205900;0.8283823199539571
205900;0.5183766218042418
468731;0.7676184854723789
468731;0.8653783981383435
318874;0.8973096390668953
318874;0.5605013520941959
111628;0.9279126709590048
111628;0.2002087552484041
586128;0.8056389099919182
586128;0.4513456226182955
49499;0.369626038157452
49499;0.20704508309617464
433737;0.548805870222413
433737;0.942847693815604
519973;0.3369557671795317
519973;0.987537237483923
223132;0.8878276615012455
223132;0.5624428987421284
121418;0.2541895245183575
121418;0.7551279679660605
164619;0.8631851108362574
164619;0.018339044857697773
803771;0.2555943344232642
803771;0.40981463297095166
216778;0.9278655621982643
216778;0.27861664926427443
152271;0.7690888139782177
152271;0.19151823452462324
835227;0.7837125079544018
835227;0.6769601931635393
667103;0.5175714296924148
667103;0.15377756625331707
310499;0.7853803020959412
310499;0.04885411741803414
684180;0.9807525250671508
684180;0.23040167726145233
67802;0.708442759537843
67802;0.7306826634278318
504455;0.21950714457241016
504455;0.26444739488354385
80951;0.5002923248177279
80951;0.2250349525131603
799929;0.6363195491733343
799929;0.1131813870507995
492397;0.8232379892063698
492397;0.20382957467616303
932239;0.36013808863753427
932239;0.832010677455512
679959;0.2867748299373961
679959;0.8716122531089817
62382;0.15946531842780431
62382;0.6291801301939189
781275;0.836679352703582
781275;0.8155126698408718
673328;0.48181718266445783
673328;0.048534999102385123
381303;0.8258544387238538
381303;0.7745261924960632
356648;0.7919997939887391
356648;0.8394331031522001
690826;0.6263661834317495
690826;0.4747605403798517
649671;0.9031507089250832
649671;0.7425429821050549
357872;0.9303852008168895
357872;0.8742752051309918
748707;0.9562719231246772
748707;0.8792709567100274
18556;0.7673487665818579
18556;0.14092580560839219
872896;0.9913417846384248
872896;0.3821458891866196
648339;0.21004469406581872
648339;0.4905707169452763
448111;0.6946673315632065
448111;0.5444340589576678
261071;0.21619652813804413
261071;0.1852048429606613
515980;0.44498548123343706
515980;0.4711757832117629
269760;0.46185084050398517
269760;0.11546040828237625
868005;0.7214330482902236
868005;0.2571077126822754
370665;0.0535256343607281
370665;0.3846070338372922
371073;0.05453686488536402
371073;0.4010083966257164
2864;0.3655010720443236
2864;0.21606257744633983
7342;0.6168701849604916
7342;0.9522830931106345
624008;0.25828501879304
624008;0.14024749102559841
1365;0.5001635079303625
1365;0.8720650450789627
952064;0.3891618774752169
952064;0.5673152117688742
578653;0.9450128235477868
578653;0.03327560027674892
992954;0.7402092138214962
992954;0.5786675321124644
152134;0.41259026958802814
152134;0.23872652856408272
379878;0.7911093180770594
379878;0.8083139554837842
249094;0.6240332094489026
249094;0.15568178682469114
833135;0.3100595745026633
833135;0.9075595332464582
106963;0.7319750746939125
106963;0.9590646242199173
78482;0.927898560957253
78482;0.4280267372442347
672027;0.9800319904301382
672027;0.7638223533467695
970049;0.6971412861899668
970049;0.006352844023529869
754648;0.22412438644933852
754648;0.11704108476173547
493152;0.5456899741973102
493152;0.2927328984955597
602646;0.17966902357871906
602646;0.8772074405166969
132954;0.13665935786856365
132954;0.37762718488859226
351479;0.6041714477392311
351479;0.7394039802066126
84494;0.8249863128042155
84494;0.9789873648889913
986328;0.214145623160783
986328;0.308128981367912
46363;0.8870223580835745
46363;0.7190991745232841
818754;0.9102323420947924
818754;0.49958186060512
528281;0.3002304062937673
528281;0.7777578575410945
288501;0.7257271401477876
288501;0.4085158917846968
169146;0.8400088511361092
169146;0.7855641957570593
62269;0.9400403385568931
62269;0.24399630656279603
19112;0.9949993244668718
19112;0.720740159513235
966559;0.11716071336046197
966559;invalid_value
764346;0.4731933117734898
764346;0.9627487083036724
254035;0.7740274961339944
254035;0.3546977113279842
958424;0.49512682448252676
958424;0.3213356269464628
407037;0.5837328632318527
407037;0.7885628814656657
169227;0.6973150348932211
169227;0.10953380583605099
272326;0.4804058642912804
272326;0.4039730553690102
580886;0.4550886698301393
580886;0.35745188940162054
257868;0.6214238102382407
257868;invalid_value
59261;0.2617900443638691
59261;0.9644650107147216
664523;0.5969738619157948
664523;0.9685926639597799
712548;0.9632182119850898
712548;0.9991256504969048
997711;0.04010230541953974
997711;0.9911387052434029
960791;0.7737388594841043
960791;0.5124115340471138
411268;0.5077467153045842
411268;0.8087079097970393
678412;0.8147311487006168
678412;0.4028149045015489
585201;0.27142229865454437
585201;0.4333647101729794
996560;0.8016768892609418
996560;0.8808409383548911
353217;0.057687968849053584
353217;0.8113019145805863
514332;0.6045926954966667
514332;0.3333308908368342
317082;0.2593561200171023
317082;0.14252218859829247
920838;0.16256398308598496
920838;0.5448136753755461
112584;0.8211237962146699
112584;0.7101742981879503
475432;0.7713199431610851
475432;0.08997981210893391
858624;0.2483043936310355
858624;0.27393834648517557
652804;0.2252221748893144
652804;0.3718946597858437
709318;0.8896559697635341
709318;0.5085709215606788
620533;0.6416069585721366
620533;0.9100308131958876
170405;0.036063049509760026
170405;0.9729910892859888
610345;0.6131508414423195
610345;0.3304816811092065
980607;0.4523534179797347
980607;0.11002139415427947
594226;0.9270654718439555
594226;0.8318235361624571
170822;0.5969953902453734
170822;0.0016651708186133929
930388;0.7671086816277075
930388;0.85842605119144
179400;0.039365249045946515
179400;0.683513523459986
448082;0.5207840388173341
448082;0.6794396503154153
474103;0.6844406995072815
474103;0.39314625301409667
572329;0.24344788853290544
572329;0.45680318943978127
604005;0.9074862379957294
604005;0.5167754483033515
522336;0.5145030159048878
522336;0.6270190585305098
999670;0.9373844745831681
999670;0.4564169418346562
696784;0.9406793000826446
696784;0.7724715433684112
705216;0.8562839286809188
705216;0.26887383805493636
655323;0.7122044458795627
655323;0.8978539717468754
227478;0.15541680422940674
227478;0.20636937927514842
917036;0.6124718532470999
917036;0.17002676219106405
709256;0.12578991005236417
709256;0.3822763948062886
11170;0.5951214211576926
11170;0.06968170768408233
108022;0.057503352269389074
108022;0.9625155948329028
291689;0.043781376974738384
291689;0.16853724905889167
965285;0.6675524133082342
965285;0.28836052867232176
632528;0.4206881037305329
632528;0.4929525678860194
864898;0.08478656027453968
864898;0.626566729241765
831898;0.865939182772263
831898;0.35684118559078726
401581;0.7479038235652076
401581;0.03376545016930632
899577;0.4055576762293286
899577;0.4273174640142683
379967;0.4580229268494841
379967;0.9359043117871363
763099;0.5140819033556026
763099;0.7286523923656791
664585;0.09504396874171062
664585;0.8248524516896318
405633;0.6517492633172649
405633;0.22163512588575063
155026;0.26988093694770754
155026;0.16214344359155897
200708;0.4130236101030691
200708;0.45387220084768354
412108;0.45712815751512326
412108;0.5969287587817833
669849;0.7759088196160879
669849;0.4247014344472406
500263;0.3660086051258842
500263;0.4796548898246421
3694;0.11192633546590391
3694;0.16606548368925056
974262;0.4235614146253227
974262;0.9692224314226007
320261;0.0479291376243951
320261;0.6293652611413763
800569;0.8200174913332262
800569;0.907099747109399
884218;0.612847268444383
884218;0.48434740574915014
35091;0.34979438036124966
35091;0.8280655984073856
310275;0.9180969445476714
310275;0.7918632870196952
646553;0.9542295270421084
646553;0.572696694708346
868628;0.7575050164815486
868628;0.5326957668709235
581147;0.14791660883408442
581147;0.8055675484158468
775289;0.4107188386734604
775289;0.7963715772948391
929305;0.712820650536801
929305;0.853875746712095
124661;0.3256582613672464
124661;0.25063102036166107
747099;0.34726880795551485
747099;0.3019786303575641
527516;0.007253226998429563
527516;0.25451580389020967
925865;0.4840713244318722
925865;0.20887578861930856
10777;0.9755858502632248
10777;0.9540553524430231
285296;0.035515364092002955
285296;0.20092902690229497
408986;0.3019235322984405
408986;0.014572573609116013
380327;0.9772085668466411
380327;0.7284648537819194
141533;0.5082792850126706
141533;0.568881909097449
284665;0.536909512150296
284665;0.4255830378804538
605408;0.1954671930048968
605408;0.5201537024781431
628113;0.28464670860398333
628113;0.6511490291962522
831120;0.9141502450063901
831120;0.06321828070905566
846196;0.5304293788982483
846196;0.1056514025445181
65629;0.6436031429561958
65629;0.4862885825265916
100870;0.01902180714181778
100870;0.8389661147843285
418757;0.03833745912664566
418757;0.18904723484272146
840917;0.9930224811172419
840917;0.640252768016814
468021;0.22341596695931243
468021;0.6160579448926384
729162;0.8145582177733965
729162;0.8139452788314916
5864;0.43485342305499775
5864;0.06036865292001392
246633;0.08994339315886302
246633;0.3105070636698758
936315;0.6680637383214433
936315;0.7381968771306671
105493;0.37283671112997685
105493;0.7917019499095963
251037;0.04612510942017478
251037;0.0909456461857503
738789;0.23483893962638236
738789;0.4097711475663075
660906;0.06806475894415143
660906;0.991615503723271
704387;0.20147715458670523
704387;0.07863859472507506
648847;0.8334295159042571
648847;0.3595378172513508
485609;0.3083096437160586
485609;0.2985294471467336
122787;0.4427153102290212
122787;0.8435940504549041
265497;0.0019797375130498063
265497;0.3691838566541322
990211;0.9928757312708979
990211;0.37118987390803004
444252;0.26872566868507164
444252;0.8451577385322837
75678;0.33579739976068534
75678;0.6640394901136247
231945;0.4582491990467571
231945;0.45260347726498606
739503;0.4420923370180009
739503;0.8074362622297592
817637;0.19611660673247966
817637;0.2815163996225807
797078;0.5916800014652523
797078;0.05017721566064148
983047;0.4839137571987103
983047;0.14574319956375437
796861;0.4990940418395009
796861;0.40299347265733265
944430;0.5848485174160171
944430;0.8916272582825525
423320;0.9958500837586162
423320;0.9343873543503673
776007;0.7488742906229053
776007;0.32605641596774637
404250;0.09882565858943726
404250;0.1201897994452642
893897;0.4857153887494341
893897;0.5799057972390869
700697;0.03877324042300567
700697;0.033140731961469494
997616;0.9930113903758916
997616;0.49712119523937437
839890;0.5842363655480173
839890;0.1842060303166536
337869;0.6807841987050747
337869;0.7171035627170453
700860;0.6606110222195923
700860;0.003251736104984637
336646;0.7689650674110555
336646;0.03516480797522925
716237;0.0023862171521701336
716237;0.03640002738052117
551145;0.2262331953103056
551145;0.6957316821100072
998114;0.07339785105353536
998114;0.3889092966001916
607535;0.4894930672023099
607535;0.06359711844878835
632930;0.7690043450911859
632930;0.05508279483172407
351761;0.8369772607993164
351761;0.45085691760030167
474154;0.35610821993943864
474154;0.15703593238582725
920329;0.04228680261476503
920329;0.5413003689333158
842730;0.20662077261753764
842730;0.006041602716105876
203882;0.7404730636932908
203882;0.33760954420813305
757837;0.2342805595335432
757837;0.7730854934622795
371089;0.18891709160837522
371089;0.48708269356434764
268870;0.16228307652992702
268870;0.9852285880295301
889560;0.9766628519846772
889560;0.3230631680199758
42614;0.23223891365668636
42614;0.2045268249088823
286936;0.34258054619204603
286936;0.9930095016351012
781987;0.003402926475525203
781987;0.958289110548579
47464;0.9244420152176652
47464;0.5828664959185033
282498;0.5876678110825703
282498;0.06617240837556038
789035;0.1658344587835907
789035;0.7749550674687979
743158;0.9026327376024574
743158;0.33365191263861815
106417;0.37862044611317847
106417;0.4485035070590737
986744;0.5438356089965115
986744;0.8879384422452627
349549;0.8596593368550709
349549;0.41863648738888803
414356;0.3417860963435443
414356;0.16622924834025143
729189;0.7644515092029412
729189;0.609416148827554
554546;0.16296304985516352
554546;0.09285711137960584
376431;0.2521488226172979
376431;0.20102686591631747
473665;0.7007586944428402
473665;0.2738277387331669
688253;0.5374548019186091
688253;0.45363535769541197
942784;0.45187841034406884
942784;0.2054991848550608
280373;0.3927868407684746
280373;0.033954574800021176
389070;0.31170524663091415
389070;0.10749944452238858
299740;0.8739735884979135
299740;0.3612140907880468
557424;0.3568973938592732
557424;0.18620412136160336
606694;0.5953750584553218
606694;0.5782645421797049
411047;0.27670217158199517
411047;0.160072123206776
960521;0.5371970223599118
960521;0.08182858005268412
920173;0.7106365927727951
920173;0.5852537920257722
396378;0.5976094331343634
396378;0.9994161044342523
448880;0.2667740451830213
448880;0.5361037295755492
22475;0.4235523849269057
22475;0.8371523170730598
938688;0.630532562312553
938688;0.8960330671491945
637191;0.31896448479292827
637191;0.5676393211776812
145219;0.2893169545224432
145219;0.7560202980058998
18928;0.5615061874497339
18928;0.26905744672911125
762370;0.17418455966461566
762370;0.6640904614339022
944830;0.49952296992521894
944830;0.8481973697047264
50909;0.5167443864015437
50909;0.6543621951849582
138583;0.6017033542885388
138583;0.27070231541822665
651486;0.879965308148905
651486;0.9669404986633263
727439;0.77759851583711
727439;0.2740434031741965
523053;0.3950865153108757
523053;0.7889631997719103
654249;0.4123245497050796
654249;0.48966690969153226
438774;0.5683480322025609
438774;0.7843554926808622
212710;0.18111058424334214
212710;0.024584171833238022
223240;0.33664221706925457
223240;0.5799654471825779
99075;0.37618768419789506
99075;0.34842877660654414
975977;0.8005456464495891
975977;0.05160666014880444
707094;0.332447832384994
707094;0.6753688579358748
375285;0.7294682035869343
375285;0.2265913427807572
310165;0.8185242401211278
310165;0.5895233685147689
97002;0.5838945788715184
97002;0.5279962470322072
738455;0.6178692378222139
738455;0.5083537065985211
875325;0.2945603209221189
875325;0.3777382600338606
542031;0.8786435091311727
542031;0.8875197806435421
206267;0.12492842764893852
206267;0.4278763010686595
777798;0.9429663791576256
777798;0.6874210129652734
611528;0.8898734094495534
611528;0.7187798050712129
672615;0.5510187171869017
672615;0.6702950229490073
99193;0.484457041783491
99193;0.6422792878833242
998374;0.0388165752703683
998374;0.10838917098225354
718145;0.8637192955536456
718145;0.5914806266657627
667643;0.3794812797665459
667643;0.059542075868558086
922438;0.9057100633457923
922438;0.509621262819168
646817;0.638813529790061
646817;0.9031586935256841
821607;0.07847413904669742
821607;0.683091995439986
32134;0.40802606627201843
32134;0.5466126227133271
919178;0.8970345615730243
919178;0.6463560359294066
589360;0.5763607830165549
589360;0.6394947352216528
275846;0.08423560382208684
275846;0.1477273070161793
249550;0.7659465422120715
249550;0.15904299761457963
507933;0.7863251862979013
507933;0.9181006522950538
693248;0.4224046401245882
693248;0.5335487360320764
732538;0.7097865552124133
732538;0.2713497784658586
198341;0.1949349007328044
198341;0.5916537808542834
917021;0.16238675055145457
917021;0.05377168144857403
453460;0.5176732328338478
453460;0.031104134452340282
946338;0.7463935316880556
946338;0.00672569460209016
553145;0.44127540319073255
553145;0.8100539502137976
648129;0.07398729771748602
648129;0.6112962119069566
243284;0.3962068834339897
243284;0.43951442480023395
878824;0.48831896796640895
878824;0.021345346810446197
266258;0.3241280669960943
266258;0.1286425367791535
766480;0.9760218006704696
766480;0.27810903012168886
412118;0.07869709945019765
412118;0.8055455539467609
739538;0.9456465583994961
739538;0.6690912209041943
205548;0.3695312985606396
205548;0.5065091453039579
574139;0.1646203914260328
574139;0.7796314644355044
903822;0.6873914112265216
903822;0.3654919424897566
496909;0.6275294355739347
496909;0.6376487295695256
825820;0.21987321798483483
825820;0.9439923960726507
152683;0.5140336081130086
152683;0.7481373493218668
491675;0.33312478260339295
491675;0.1851240740471306
348573;0.5458697080369389
348573;0.07469371286510118
439746;0.3803268835054425
439746;0.3137019742551319
892218;0.1997372458910841
892218;0.13846880395769978
161207;0.14235997527046362
161207;0.6920736587181887
979604;0.5397541302927436
979604;0.5190483283222641
663183;0.38927243487986773
663183;0.2932936146875471
724046;0.40050469923485843
724046;0.3220052272560564
323635;0.02213479256459283
323635;0.48499841958538026
853220;0.17296931339770893
853220;0.9848597426430862
137559;0.4463650845662942
137559;0.4774041208043446
30195;0.35843497095989796
30195;0.6085195786084256
445052;0.5955273190309205
445052;0.7610931600118055
148897;0.08920069059530567
148897;0.5841471202164077
874215;0.7261444809825952
874215;0.0569576273974195
810847;0.2302598990633412
810847;0.8606688648779139
766368;0.04764267972888225
766368;0.2616605498069895
376451;0.5643026005911694
376451;0.714140395153581
173461;0.9889804771770258
173461;0.6625469980040573
986486;0.591258893573447
986486;0.4071998774617427
131080;0.22007403280407134
131080;0.5226411989407831
690878;0.1476099226569717
690878;0.4946348640800461
213187;0.7016769382227767
213187;0.7408767909542024
207422;0.509292541905347
207422;0.18427642141397227
772021;0.07270980219894674
772021;0.27299042401557094
669892;0.8697402661997639
669892;0.8449636207563099
419279;0.19337196792490996
419279;0.15186484755609808
369017;0.6874375481670336
369017;0.31469535672056825
942505;0.6981426170877763
942505;0.5399478044270878
41202;0.7896713301427534
41202;0.658131507665649
304737;0.7687544108802423
304737;0.8728241072843375
284091;0.8532123028321149
284091;0.6287156893875286
410666;0.430047361344017
410666;0.05033257514070799
875241;0.07402240254057879
875241;0.74456688714353
774812;0.8998690796884086
774812;0.024705964305600348
472652;6.489854944147222E-4
472652;0.7257192643372545
188120;0.8113215720767053
188120;0.3319237877676001
379752;0.07547011646808222
379752;0.34056330861205775
775394;0.8078474351195437
775394;0.8859941611238735
217393;0.5536511440368709
217393;0.20505979708856925
778070;0.1370302149005841
778070;0.3188574422982111
658194;0.9867833504378647
658194;0.7220658941802797
44423;0.9772117374078598
44423;0.09390810506038438
52142;0.87176689510735
52142;0.2807653826290172
209825;0.61276656259164
209825;0.3133999056075448
348603;0.6708171339673374
348603;0.769006160348261
35767;0.9519467260613005
35767;0.7551575302420951
656978;0.14349613763339208
656978;0.5165365984037776
156988;0.5350105914631268
156988;0.6344268342571713
805647;0.30942351857617356
805647;0.34292318856338366
492225;0.997462199232362
492225;0.5144669821756869
794755;0.9153084398298217
794755;0.6366190786121041
614339;0.791870797630376
614339;0.5523842600094728
32507;0.631787132569254
32507;0.8677397148231247
314329;0.7491707875503086
314329;0.6400983160923097
522475;0.9534249158174279
522475;0.9277064164196303
65539;0.6601619189266228
65539;0.8404156638021172
125148;0.4853426261472492
125148;0.6986371223208021
632611;0.7855890443109396
632611;0.6215429809604167
495338;0.3798610583300549
495338;0.5102150964852777
566633;0.10475649521765118
566633;0.7037445078813894
244017;0.09716414305954812
244017;0.8232067175882164
326140;0.8371599459720365
326140;0.5285166330282177
250159;0.16225572270904542
250159;0.07359895709009256
755374;0.2916466024940997
755374;0.6512440049679528
191554;0.9001676066929473
191554;0.879587830246562
514581;0.3535619105415104
514581;0.6799802681350177
823648;0.6259513829027417
823648;0.9387912503624609
231996;0.35338164520071247
231996;0.6070737500484492
871963;0.7132541281961857
871963;0.6031696155702241
54978;0.635495603467888
54978;0.532147786004714
658973;0.24361824797349685
658973;0.5890211728945608
999561;0.679718577233452
999561;0.061963026675008526
436943;0.48816685650787994
436943;0.8848855163597474
627631;0.42127639307856735
627631;0.6187340712491847
298610;0.20066887046136794
298610;0.5795951721279284
22650;0.42363832349442043
22650;0.33117863173900786
798853;0.07973975627829122
798853;0.3876658347021864
415580;0.6297538729786911
415580;0.8277167752115246
211602;0.267756195027506
211602;0.9589415252832063
285793;0.7705953327931354
285793;0.33532951804711897
447208;0.5306089074905826
447208;0.6569856633454222
982907;0.6835428865216462
982907;0.400928972220604
683124;0.008680629289153585
683124;0.9597958369469375
383946;0.4750684934079976
383946;0.05397546942988829
533459;0.6796342670953408
533459;0.6891381565806678
176649;0.03354156926535956
176649;0.9497416308914242
328777;0.20541593704859107
328777;0.8368529155439406
982108;0.5782014667644075
982108;0.663350946814903
345797;0.7136065671532362
345797;0.14316140354116147
276388;0.4057301074797641
276388;0.792104282736149
836715;0.19827743836472878
836715;0.39200179570095717
103908;0.7877814294822064
103908;0.8847451348006203
17977;0.1951123947056731
17977;0.9308846540558234
97461;0.10493034687043745
97461;0.21700311567271657
325625;0.7317218082651573
325625;0.594101242426037
533146;0.2577016390485606
533146;0.38009857512295897
77400;0.6383604008552528
77400;0.44405496532083166
926503;0.055014836107269316
926503;0.8472893378767351
592517;0.7663834718428707
592517;0.9866578673139946
433678;0.8827132403978748
433678;0.029237824425630055
234672;0.6828445446814411
234672;0.5454680463772977
43305;0.08910415521540083
43305;0.4377883119513215
937477;0.7436766081402149
937477;0.06993373439219641
266134;0.5591517809234259
266134;0.6858364129884233
958837;0.13063575307718223
958837;0.31339859247991386
376155;0.21866823925785184
376155;0.8093388957629156
423001;0.12649704905330583
423001;0.7150532788236831
793554;0.10401103713235949
793554;0.5110495667962539
678251;0.22164690496514272
678251;0.5858855659685231
927524;0.09565633179577948
927524;0.4704478491601771
496314;0.6299730571126593
496314;0.40199021337673757
672428;0.5513040427865223
672428;0.268042829758374
704900;0.44491418339069233
704900;0.06647283799227277
566625;0.5371963991195761
566625;0.7129441366030749
281397;0.7127370504120923
281397;0.6312784850425983
838723;0.292454266383924
838723;0.07264298689645365
742998;0.7698335358697862
742998;0.6537915894682385
852098;0.03588171219416203
852098;0.03371864568180927
627489;0.15232271109070572
627489;0.2627991160132701
660039;0.7781064059055068
660039;0.6859218631643187
346263;0.7524699532652054
346263;0.2022769595313113
371402;0.5687093861551159
371402;0.6278072946710235
538966;0.42374499093743356
538966;0.5943848253698013
525856;0.8516025933758284
525856;0.6572876141452286
127648;0.2384227639253983
127648;0.2175389596652254
958070;0.7507246880531823
958070;0.0031093007984506205
568466;0.9609349628547719
568466;0.08463150357257776
960285;0.443657323780013
960285;0.08963999113099297
882727;0.8955218091848114
882727;0.733620122456038
341985;0.907883903308237
341985;0.6604179027757308
803090;0.36370483233553064
803090;0.48366061769014146
163028;0.028254925134806763
163028;0.2879293799349002
959647;0.9893790411409686
959647;invalid_value
425379;0.061798877927875195
425379;0.7706073494957469
649243;0.09371229033689976
649243;0.408161278670817
949077;0.9090024117812822
949077;0.03834996970790472
448194;0.18031485605198672
448194;0.5408509670632603
190496;0.9671180941760895
190496;0.22221549441420885
828855;0.9290762340243347
828855;0.5896025979130802
577898;0.5111845355012711
577898;0.9327498364426174
357076;0.49028028828909287
357076;0.2548343167599726
